image_filename,vehicle_type,vehicle_label
Bike_1998.jpeg,Bike,0
Bike_213.jpeg,Bike,0
Bike_1635.jpeg,Bike,0
Bike_707.jpeg,Bike,0
Car_312.jpeg,Car,1
Car_368.jpeg,Car,1
Car_59.jpeg,Car,1
Bike_548.jpeg,Bike,0
Bike_1573.jpeg,Bike,0
Car_1380.jpeg,Car,1
Car_1420.jpeg,Car,1
Car_580.jpeg,Car,1
Bike_543.jpeg,Bike,0
Bike_1263.jpeg,Bike,0
Car_705.jpeg,Car,1
Car_1168.jpeg,Car,1
Car_1944.jpeg,Car,1
Car_281.jpeg,Car,1
Bike_291.jpeg,Bike,0
Car_207.jpeg,Car,1
Bike_731.jpeg,Bike,0
Car_1993.jpeg,Car,1
Bike_700.jpeg,Bike,0
Bike_1860.jpeg,Bike,0
Car_14.jpeg,Car,1
Car_606.jpeg,Car,1
Car_1773.jpeg,Car,1
Car_628.jpeg,Car,1
Bike_850.jpeg,Bike,0
Bike_1035.jpeg,Bike,0
Bike_1868.jpeg,Bike,0
Bike_776.jpeg,Bike,0
Car_801.jpeg,Car,1
Car_100.jpeg,Car,1
Car_1808.jpeg,Car,1
Car_791.jpeg,Car,1
Car_122.jpeg,Car,1
Bike_1361.jpeg,Bike,0
Bike_1613.jpeg,Bike,0
Car_555.jpeg,Car,1
Car_1486.jpeg,Car,1
Bike_1740.jpeg,Bike,0
Car_1044.jpeg,Car,1
Bike_998.jpeg,Bike,0
Car_1360.jpeg,Car,1
Car_405.jpeg,Car,1
Car_1842.jpeg,Car,1
Car_918.jpeg,Car,1
Bike_762.jpeg,Bike,0
Bike_333.jpeg,Bike,0
Bike_431.jpeg,Bike,0
Bike_1501.jpeg,Bike,0
Car_1028.jpeg,Car,1
Car_203.jpeg,Car,1
Bike_369.jpeg,Bike,0
Bike_667.jpeg,Bike,0
Bike_1718.jpeg,Bike,0
Bike_1651.jpeg,Bike,0
Car_817.jpeg,Car,1
Car_34.jpeg,Car,1
Bike_232.jpeg,Bike,0
Bike_561.jpeg,Bike,0
Bike_410.jpeg,Bike,0
Car_1907.jpeg,Car,1
Bike_1637.jpeg,Bike,0
Bike_575.jpeg,Bike,0
Bike_1305.jpeg,Bike,0
Bike_1523.jpeg,Bike,0
Bike_1413.jpeg,Bike,0
Bike_229.jpeg,Bike,0
Car_1514.jpeg,Car,1
Car_1048.jpeg,Car,1
Car_1694.jpeg,Car,1
Car_1473.jpeg,Car,1
Bike_1805.jpeg,Bike,0
Bike_1009.jpeg,Bike,0
Car_458.jpeg,Car,1
Bike_1074.jpeg,Bike,0
Bike_1920.jpeg,Bike,0
Car_72.jpeg,Car,1
Car_418.jpeg,Car,1
Bike_1964.jpeg,Bike,0
Bike_110.jpeg,Bike,0
Bike_1370.jpeg,Bike,0
Bike_261.jpeg,Bike,0
Car_920.jpeg,Car,1
Car_1521.jpeg,Car,1
Bike_695.jpeg,Bike,0
Bike_1653.jpeg,Bike,0
Bike_1126.jpeg,Bike,0
Car_1350.jpeg,Car,1
Bike_538.jpeg,Bike,0
Car_662.jpeg,Car,1
Bike_1962.jpeg,Bike,0
Bike_1000.jpeg,Bike,0
Car_1049.jpeg,Car,1
Car_1077.jpeg,Car,1
Bike_975.jpeg,Bike,0
Bike_219.jpeg,Bike,0
Bike_1688.jpeg,Bike,0
Bike_924.jpeg,Bike,0
Bike_326.jpeg,Bike,0
Car_836.jpeg,Car,1
Car_1871.jpeg,Car,1
Car_550.jpeg,Car,1
Bike_1051.jpeg,Bike,0
Bike_31.jpeg,Bike,0
Car_1619.jpeg,Car,1
Car_229.jpeg,Car,1
Car_1516.jpeg,Car,1
Bike_559.jpeg,Bike,0
Car_1105.jpeg,Car,1
Car_423.jpeg,Car,1
Car_382.jpeg,Car,1
Bike_1419.jpeg,Bike,0
Car_1492.jpeg,Car,1
Bike_118.jpeg,Bike,0
Car_1835.jpeg,Car,1
Bike_162.jpeg,Bike,0
Car_1853.jpeg,Car,1
Car_1645.jpeg,Car,1
Car_53.jpeg,Car,1
Car_148.jpeg,Car,1
Bike_1908.jpeg,Bike,0
Bike_1982.jpeg,Bike,0
Bike_453.jpeg,Bike,0
Bike_1330.jpeg,Bike,0
Bike_1736.jpeg,Bike,0
Car_1367.jpeg,Car,1
Bike_1187.jpeg,Bike,0
Car_5.jpeg,Car,1
Car_664.jpeg,Car,1
Bike_164.jpeg,Bike,0
Car_90.jpeg,Car,1
Car_1433.jpeg,Car,1
Car_1509.jpeg,Car,1
Bike_403.jpeg,Bike,0
Bike_199.jpeg,Bike,0
Bike_1989.jpeg,Bike,0
Bike_574.jpeg,Bike,0
Bike_1118.jpeg,Bike,0
Bike_89.jpeg,Bike,0
Car_1378.jpeg,Car,1
Bike_1955.jpeg,Bike,0
Car_510.jpeg,Car,1
Bike_1053.jpeg,Bike,0
Car_715.jpeg,Car,1
Bike_1380.jpeg,Bike,0
Car_1925.jpeg,Car,1
Car_763.jpeg,Car,1
Car_1345.jpeg,Car,1
Car_767.jpeg,Car,1
Car_161.jpeg,Car,1
Car_1326.jpeg,Car,1
Car_1788.jpeg,Car,1
Bike_1202.jpeg,Bike,0
Car_927.jpeg,Car,1
Car_231.jpeg,Car,1
Bike_1892.jpeg,Bike,0
Bike_1258.jpeg,Bike,0
Bike_137.jpeg,Bike,0
Car_505.jpeg,Car,1
Bike_1714.jpeg,Bike,0
Bike_63.jpeg,Bike,0
Car_1036.jpeg,Car,1
Bike_1266.jpeg,Bike,0
Car_400.jpeg,Car,1
Bike_444.jpeg,Bike,0
Bike_1806.jpeg,Bike,0
Bike_1291.jpeg,Bike,0
Bike_17.jpeg,Bike,0
Bike_1524.jpeg,Bike,0
Car_1242.jpeg,Car,1
Bike_1569.jpeg,Bike,0
Bike_1817.jpeg,Bike,0
Car_1612.jpeg,Car,1
Bike_651.jpeg,Bike,0
Bike_1267.jpeg,Bike,0
Car_1305.jpeg,Car,1
Bike_1470.jpeg,Bike,0
Bike_309.jpeg,Bike,0
Bike_1858.jpeg,Bike,0
Car_112.jpeg,Car,1
Car_1030.jpeg,Car,1
Car_968.jpeg,Car,1
Bike_765.jpeg,Bike,0
Car_1306.jpeg,Car,1
Bike_408.jpeg,Bike,0
Car_54.jpeg,Car,1
Car_181.jpeg,Car,1
Car_1975.jpeg,Car,1
Car_787.jpeg,Car,1
Bike_1192.jpeg,Bike,0
Car_317.jpeg,Car,1
Car_1110.jpeg,Car,1
Car_1621.jpeg,Car,1
Bike_1664.jpeg,Bike,0
Car_1281.jpeg,Car,1
Car_1579.jpeg,Car,1
Bike_1089.jpeg,Bike,0
Bike_1603.jpeg,Bike,0
Bike_1213.jpeg,Bike,0
Car_80.jpeg,Car,1
Bike_657.jpeg,Bike,0
Bike_1534.jpeg,Bike,0
Bike_1179.jpeg,Bike,0
Bike_1669.jpeg,Bike,0
Car_992.jpeg,Car,1
Car_797.jpeg,Car,1
Bike_42.jpeg,Bike,0
Car_242.jpeg,Car,1
Bike_681.jpeg,Bike,0
Car_1678.jpeg,Car,1
Bike_1002.jpeg,Bike,0
Bike_1742.jpeg,Bike,0
Car_1179.jpeg,Car,1
Car_1551.jpeg,Car,1
Bike_304.jpeg,Bike,0
Bike_1417.jpeg,Bike,0
Bike_235.jpeg,Bike,0
Car_1809.jpeg,Car,1
Car_1617.jpeg,Car,1
Car_1273.jpeg,Car,1
Bike_956.jpeg,Bike,0
Car_144.jpeg,Car,1
Car_17.jpeg,Car,1
Car_333.jpeg,Car,1
Car_1941.jpeg,Car,1
Car_497.jpeg,Car,1
Bike_344.jpeg,Bike,0
Bike_1448.jpeg,Bike,0
Car_1259.jpeg,Car,1
Bike_1104.jpeg,Bike,0
Car_48.jpeg,Car,1
Car_1890.jpeg,Car,1
Bike_373.jpeg,Bike,0
Car_226.jpeg,Car,1
Bike_1309.jpeg,Bike,0
Car_1166.jpeg,Car,1
Bike_611.jpeg,Bike,0
Car_1142.jpeg,Car,1
Bike_1378.jpeg,Bike,0
Car_381.jpeg,Car,1
Bike_322.jpeg,Bike,0
Car_102.jpeg,Car,1
Car_1394.jpeg,Car,1
Car_1968.jpeg,Car,1
Bike_1299.jpeg,Bike,0
Car_1191.jpeg,Car,1
Car_1784.jpeg,Car,1
Bike_5.jpeg,Bike,0
Bike_1165.jpeg,Bike,0
Bike_764.jpeg,Bike,0
Bike_915.jpeg,Bike,0
Car_1063.jpeg,Car,1
Bike_1522.jpeg,Bike,0
Car_70.jpeg,Car,1
Bike_176.jpeg,Bike,0
Car_916.jpeg,Car,1
Bike_1310.jpeg,Bike,0
Car_570.jpeg,Car,1
Car_722.jpeg,Car,1
Bike_846.jpeg,Bike,0
Car_415.jpeg,Car,1
Car_1599.jpeg,Car,1
Bike_701.jpeg,Bike,0
Bike_752.jpeg,Bike,0
Car_1778.jpeg,Car,1
Bike_1487.jpeg,Bike,0
Car_1279.jpeg,Car,1
Bike_174.jpeg,Bike,0
Car_864.jpeg,Car,1
Car_1888.jpeg,Car,1
Bike_703.jpeg,Bike,0
Car_513.jpeg,Car,1
Car_841.jpeg,Car,1
Bike_1031.jpeg,Bike,0
Car_1422.jpeg,Car,1
Car_408.jpeg,Car,1
Car_442.jpeg,Car,1
Car_565.jpeg,Car,1
Car_404.jpeg,Car,1
Bike_1094.jpeg,Bike,0
Car_78.jpeg,Car,1
Car_962.jpeg,Car,1
Bike_1449.jpeg,Bike,0
Bike_120.jpeg,Bike,0
Bike_245.jpeg,Bike,0
Car_1921.jpeg,Car,1
Bike_857.jpeg,Bike,0
Bike_1197.jpeg,Bike,0
Bike_748.jpeg,Bike,0
Bike_880.jpeg,Bike,0
Car_913.jpeg,Car,1
Car_124.jpeg,Car,1
Bike_1262.jpeg,Bike,0
Bike_1374.jpeg,Bike,0
Bike_799.jpeg,Bike,0
Car_104.jpeg,Car,1
Car_1661.jpeg,Car,1
Bike_784.jpeg,Bike,0
Bike_1474.jpeg,Bike,0
Bike_1560.jpeg,Bike,0
Car_1602.jpeg,Car,1
Car_509.jpeg,Car,1
Bike_1322.jpeg,Bike,0
Bike_919.jpeg,Bike,0
Car_1874.jpeg,Car,1
Bike_190.jpeg,Bike,0
Car_1313.jpeg,Car,1
Bike_319.jpeg,Bike,0
Car_1255.jpeg,Car,1
Bike_1898.jpeg,Bike,0
Car_213.jpeg,Car,1
Car_1564.jpeg,Car,1
Bike_1840.jpeg,Bike,0
Car_1898.jpeg,Car,1
Car_844.jpeg,Car,1
Car_815.jpeg,Car,1
Car_1600.jpeg,Car,1
Bike_1329.jpeg,Bike,0
Car_1889.jpeg,Car,1
Bike_994.jpeg,Bike,0
Car_1814.jpeg,Car,1
Car_419.jpeg,Car,1
Car_1632.jpeg,Car,1
Car_1817.jpeg,Car,1
Car_1995.jpeg,Car,1
Bike_1494.jpeg,Bike,0
Bike_1818.jpeg,Bike,0
Car_1812.jpeg,Car,1
Bike_1171.jpeg,Bike,0
Bike_1460.jpeg,Bike,0
Bike_413.jpeg,Bike,0
Car_1056.jpeg,Car,1
Car_1748.jpeg,Car,1
Bike_1320.jpeg,Bike,0
Bike_1812.jpeg,Bike,0
Bike_36.jpeg,Bike,0
Car_1362.jpeg,Car,1
Car_1640.jpeg,Car,1
Car_938.jpeg,Car,1
Bike_1499.jpeg,Bike,0
Car_245.jpeg,Car,1
Bike_661.jpeg,Bike,0
Bike_194.jpeg,Bike,0
Bike_665.jpeg,Bike,0
Bike_509.jpeg,Bike,0
Bike_631.jpeg,Bike,0
Car_1852.jpeg,Car,1
Bike_1239.jpeg,Bike,0
Car_194.jpeg,Car,1
Bike_774.jpeg,Bike,0
Bike_588.jpeg,Bike,0
Bike_218.jpeg,Bike,0
Bike_555.jpeg,Bike,0
Bike_713.jpeg,Bike,0
Car_375.jpeg,Car,1
Bike_1846.jpeg,Bike,0
Car_1866.jpeg,Car,1
Car_472.jpeg,Car,1
Car_216.jpeg,Car,1
Bike_187.jpeg,Bike,0
Car_961.jpeg,Car,1
Car_1287.jpeg,Car,1
Car_1757.jpeg,Car,1
Bike_1015.jpeg,Bike,0
Bike_1230.jpeg,Bike,0
Bike_938.jpeg,Bike,0
Car_1886.jpeg,Car,1
Bike_576.jpeg,Bike,0
Bike_1831.jpeg,Bike,0
Car_1221.jpeg,Car,1
Bike_1200.jpeg,Bike,0
Bike_623.jpeg,Bike,0
Car_707.jpeg,Car,1
Bike_429.jpeg,Bike,0
Car_627.jpeg,Car,1
Car_1722.jpeg,Car,1
Car_169.jpeg,Car,1
Car_542.jpeg,Car,1
Bike_1011.jpeg,Bike,0
Bike_1311.jpeg,Bike,0
Bike_353.jpeg,Bike,0
Bike_1175.jpeg,Bike,0
Car_1298.jpeg,Car,1
Bike_438.jpeg,Bike,0
Car_944.jpeg,Car,1
Bike_1277.jpeg,Bike,0
Car_612.jpeg,Car,1
Bike_1469.jpeg,Bike,0
Bike_1247.jpeg,Bike,0
Bike_487.jpeg,Bike,0
Car_392.jpeg,Car,1
Bike_28.jpeg,Bike,0
Car_677.jpeg,Car,1
Car_1563.jpeg,Car,1
Car_255.jpeg,Car,1
Bike_138.jpeg,Bike,0
Bike_1912.jpeg,Bike,0
Bike_205.jpeg,Bike,0
Bike_587.jpeg,Bike,0
Bike_763.jpeg,Bike,0
Bike_402.jpeg,Bike,0
Bike_1722.jpeg,Bike,0
Car_1062.jpeg,Car,1
Bike_448.jpeg,Bike,0
Bike_1508.jpeg,Bike,0
Car_1014.jpeg,Car,1
Car_1083.jpeg,Car,1
Car_1587.jpeg,Car,1
Bike_664.jpeg,Bike,0
Car_931.jpeg,Car,1
Car_889.jpeg,Car,1
Bike_1368.jpeg,Bike,0
Car_1091.jpeg,Car,1
Car_974.jpeg,Car,1
Car_1659.jpeg,Car,1
Car_1899.jpeg,Car,1
Bike_909.jpeg,Bike,0
Bike_105.jpeg,Bike,0
Bike_77.jpeg,Bike,0
Bike_628.jpeg,Bike,0
Car_796.jpeg,Car,1
Car_800.jpeg,Car,1
Bike_104.jpeg,Bike,0
Bike_1716.jpeg,Bike,0
Bike_823.jpeg,Bike,0
Car_729.jpeg,Car,1
Bike_712.jpeg,Bike,0
Bike_745.jpeg,Bike,0
Car_177.jpeg,Car,1
Bike_433.jpeg,Bike,0
Car_1007.jpeg,Car,1
Bike_1377.jpeg,Bike,0
Bike_1804.jpeg,Bike,0
Car_821.jpeg,Car,1
Bike_554.jpeg,Bike,0
Car_1832.jpeg,Car,1
Bike_1517.jpeg,Bike,0
Bike_1987.jpeg,Bike,0
Car_1334.jpeg,Car,1
Bike_313.jpeg,Bike,0
Bike_3.jpeg,Bike,0
Bike_881.jpeg,Bike,0
Bike_1022.jpeg,Bike,0
Car_1665.jpeg,Car,1
Bike_1610.jpeg,Bike,0
Car_1435.jpeg,Car,1
Bike_1665.jpeg,Bike,0
Car_932.jpeg,Car,1
Car_249.jpeg,Car,1
Car_1312.jpeg,Car,1
Car_195.jpeg,Car,1
Car_725.jpeg,Car,1
Car_574.jpeg,Car,1
Car_1335.jpeg,Car,1
Car_60.jpeg,Car,1
Car_1065.jpeg,Car,1
Car_220.jpeg,Car,1
Car_167.jpeg,Car,1
Bike_1114.jpeg,Bike,0
Bike_1399.jpeg,Bike,0
Bike_1646.jpeg,Bike,0
Car_1439.jpeg,Car,1
Bike_1521.jpeg,Bike,0
Bike_111.jpeg,Bike,0
Car_371.jpeg,Car,1
Bike_1649.jpeg,Bike,0
Car_1741.jpeg,Car,1
Bike_1884.jpeg,Bike,0
Bike_1786.jpeg,Bike,0
Bike_251.jpeg,Bike,0
Bike_1158.jpeg,Bike,0
Bike_1447.jpeg,Bike,0
Car_1872.jpeg,Car,1
Car_150.jpeg,Car,1
Car_973.jpeg,Car,1
Car_1238.jpeg,Car,1
Bike_925.jpeg,Bike,0
Car_623.jpeg,Car,1
Car_561.jpeg,Car,1
Car_952.jpeg,Car,1
Bike_1456.jpeg,Bike,0
Bike_690.jpeg,Bike,0
Bike_1136.jpeg,Bike,0
Bike_1848.jpeg,Bike,0
Car_1954.jpeg,Car,1
Bike_1873.jpeg,Bike,0
Car_1723.jpeg,Car,1
Bike_527.jpeg,Bike,0
Bike_848.jpeg,Bike,0
Car_1018.jpeg,Car,1
Car_157.jpeg,Car,1
Bike_1221.jpeg,Bike,0
Car_1106.jpeg,Car,1
Bike_519.jpeg,Bike,0
Car_1067.jpeg,Car,1
Car_431.jpeg,Car,1
Bike_997.jpeg,Bike,0
Car_1910.jpeg,Car,1
Bike_1059.jpeg,Bike,0
Bike_228.jpeg,Bike,0
Bike_1960.jpeg,Bike,0
Bike_1415.jpeg,Bike,0
Car_676.jpeg,Car,1
Bike_691.jpeg,Bike,0
Car_528.jpeg,Car,1
Bike_1751.jpeg,Bike,0
Car_948.jpeg,Car,1
Bike_325.jpeg,Bike,0
Bike_947.jpeg,Bike,0
Car_614.jpeg,Car,1
Bike_1917.jpeg,Bike,0
Car_866.jpeg,Car,1
Bike_1113.jpeg,Bike,0
Car_10.jpeg,Car,1
Car_25.jpeg,Car,1
Car_1860.jpeg,Car,1
Car_292.jpeg,Car,1
Bike_1465.jpeg,Bike,0
Bike_1282.jpeg,Bike,0
Car_1909.jpeg,Car,1
Car_757.jpeg,Car,1
Bike_760.jpeg,Bike,0
Car_1156.jpeg,Car,1
Car_1026.jpeg,Car,1
Car_1952.jpeg,Car,1
Car_29.jpeg,Car,1
Bike_86.jpeg,Bike,0
Car_179.jpeg,Car,1
Bike_113.jpeg,Bike,0
Car_490.jpeg,Car,1
Car_979.jpeg,Car,1
Car_1123.jpeg,Car,1
Car_360.jpeg,Car,1
Bike_1143.jpeg,Bike,0
Bike_236.jpeg,Bike,0
Bike_990.jpeg,Bike,0
Bike_1829.jpeg,Bike,0
Bike_350.jpeg,Bike,0
Car_1657.jpeg,Car,1
Bike_1069.jpeg,Bike,0
Car_1945.jpeg,Car,1
Bike_775.jpeg,Bike,0
Bike_206.jpeg,Bike,0
Bike_1796.jpeg,Bike,0
Bike_1222.jpeg,Bike,0
Car_1202.jpeg,Car,1
Bike_1832.jpeg,Bike,0
Car_322.jpeg,Car,1
Bike_1391.jpeg,Bike,0
Bike_1785.jpeg,Bike,0
Bike_1161.jpeg,Bike,0
Bike_1321.jpeg,Bike,0
Bike_643.jpeg,Bike,0
Bike_671.jpeg,Bike,0
Car_882.jpeg,Car,1
Car_589.jpeg,Car,1
Bike_338.jpeg,Bike,0
Car_507.jpeg,Car,1
Bike_1178.jpeg,Bike,0
Bike_537.jpeg,Bike,0
Bike_948.jpeg,Bike,0
Car_1912.jpeg,Car,1
Car_1997.jpeg,Car,1
Bike_423.jpeg,Bike,0
Car_26.jpeg,Car,1
Bike_1947.jpeg,Bike,0
Bike_156.jpeg,Bike,0
Bike_298.jpeg,Bike,0
Car_1977.jpeg,Car,1
Bike_1712.jpeg,Bike,0
Bike_1721.jpeg,Bike,0
Bike_1614.jpeg,Bike,0
Bike_1835.jpeg,Bike,0
Car_68.jpeg,Car,1
Car_212.jpeg,Car,1
Bike_1506.jpeg,Bike,0
Bike_514.jpeg,Bike,0
Bike_384.jpeg,Bike,0
Car_1771.jpeg,Car,1
Bike_1608.jpeg,Bike,0
Bike_1542.jpeg,Bike,0
Car_1488.jpeg,Car,1
Car_1093.jpeg,Car,1
Bike_293.jpeg,Bike,0
Car_496.jpeg,Car,1
Car_873.jpeg,Car,1
Car_1851.jpeg,Car,1
Bike_1014.jpeg,Bike,0
Bike_1439.jpeg,Bike,0
Bike_769.jpeg,Bike,0
Bike_1013.jpeg,Bike,0
Car_1377.jpeg,Car,1
Car_1797.jpeg,Car,1
Car_655.jpeg,Car,1
Car_1289.jpeg,Car,1
Bike_887.jpeg,Bike,0
Bike_158.jpeg,Bike,0
Bike_702.jpeg,Bike,0
Bike_1564.jpeg,Bike,0
Car_1101.jpeg,Car,1
Car_995.jpeg,Car,1
Bike_1005.jpeg,Bike,0
Bike_1850.jpeg,Bike,0
Bike_583.jpeg,Bike,0
Car_0.jpeg,Car,1
Bike_1090.jpeg,Bike,0
Bike_421.jpeg,Bike,0
Bike_1844.jpeg,Bike,0
Car_1704.jpeg,Car,1
Car_1131.jpeg,Car,1
Car_1206.jpeg,Car,1
Car_180.jpeg,Car,1
Car_1285.jpeg,Car,1
Bike_65.jpeg,Bike,0
Car_1749.jpeg,Car,1
Car_1257.jpeg,Car,1
Car_1720.jpeg,Car,1
Car_1703.jpeg,Car,1
Bike_922.jpeg,Bike,0
Bike_340.jpeg,Bike,0
Bike_861.jpeg,Bike,0
Car_692.jpeg,Car,1
Bike_202.jpeg,Bike,0
Car_258.jpeg,Car,1
Bike_1969.jpeg,Bike,0
Bike_19.jpeg,Bike,0
Bike_1985.jpeg,Bike,0
Bike_807.jpeg,Bike,0
Bike_56.jpeg,Bike,0
Car_76.jpeg,Car,1
Bike_1597.jpeg,Bike,0
Bike_677.jpeg,Bike,0
Car_280.jpeg,Car,1
Car_631.jpeg,Car,1
Car_414.jpeg,Car,1
Bike_1071.jpeg,Bike,0
Bike_1671.jpeg,Bike,0
Car_1038.jpeg,Car,1
Bike_193.jpeg,Bike,0
Car_1200.jpeg,Car,1
Bike_1537.jpeg,Bike,0
Bike_87.jpeg,Bike,0
Bike_1594.jpeg,Bike,0
Bike_840.jpeg,Bike,0
Bike_75.jpeg,Bike,0
Bike_735.jpeg,Bike,0
Car_1412.jpeg,Car,1
Car_488.jpeg,Car,1
Bike_476.jpeg,Bike,0
Car_875.jpeg,Car,1
Car_1834.jpeg,Car,1
Bike_489.jpeg,Bike,0
Car_1406.jpeg,Car,1
Bike_390.jpeg,Bike,0
Bike_1049.jpeg,Bike,0
Car_1361.jpeg,Car,1
Car_1654.jpeg,Car,1
Car_755.jpeg,Car,1
Bike_1967.jpeg,Bike,0
Car_1328.jpeg,Car,1
Car_1730.jpeg,Car,1
Car_541.jpeg,Car,1
Bike_1720.jpeg,Bike,0
Car_666.jpeg,Car,1
Car_749.jpeg,Car,1
Bike_1407.jpeg,Bike,0
Car_1856.jpeg,Car,1
Car_1088.jpeg,Car,1
Car_465.jpeg,Car,1
Car_1436.jpeg,Car,1
Car_1658.jpeg,Car,1
Car_1673.jpeg,Car,1
Bike_844.jpeg,Bike,0
Car_547.jpeg,Car,1
Car_1089.jpeg,Car,1
Car_1193.jpeg,Car,1
Car_1765.jpeg,Car,1
Car_1544.jpeg,Car,1
Bike_976.jpeg,Bike,0
Car_1140.jpeg,Car,1
Bike_670.jpeg,Bike,0
Car_529.jpeg,Car,1
Bike_1076.jpeg,Bike,0
Bike_1123.jpeg,Bike,0
Car_162.jpeg,Car,1
Bike_381.jpeg,Bike,0
Car_1690.jpeg,Car,1
Bike_1717.jpeg,Bike,0
Car_1974.jpeg,Car,1
Bike_1212.jpeg,Bike,0
Bike_767.jpeg,Bike,0
Bike_1746.jpeg,Bike,0
Car_297.jpeg,Car,1
Bike_1807.jpeg,Bike,0
Bike_908.jpeg,Bike,0
Car_1188.jpeg,Car,1
Bike_363.jpeg,Bike,0
Bike_513.jpeg,Bike,0
Car_1138.jpeg,Car,1
Bike_836.jpeg,Bike,0
Car_1726.jpeg,Car,1
Bike_1129.jpeg,Bike,0
Car_955.jpeg,Car,1
Car_1005.jpeg,Car,1
Bike_67.jpeg,Bike,0
Bike_820.jpeg,Bike,0
Bike_1551.jpeg,Bike,0
Car_736.jpeg,Car,1
Bike_630.jpeg,Bike,0
Bike_791.jpeg,Bike,0
Bike_1496.jpeg,Bike,0
Bike_170.jpeg,Bike,0
Bike_892.jpeg,Bike,0
Bike_821.jpeg,Bike,0
Car_1180.jpeg,Car,1
Bike_1787.jpeg,Bike,0
Car_8.jpeg,Car,1
Bike_864.jpeg,Bike,0
Car_1150.jpeg,Car,1
Bike_316.jpeg,Bike,0
Bike_1405.jpeg,Bike,0
Car_1163.jpeg,Car,1
Car_302.jpeg,Car,1
Car_1988.jpeg,Car,1
Bike_1929.jpeg,Bike,0
Bike_895.jpeg,Bike,0
Bike_1582.jpeg,Bike,0
Bike_1830.jpeg,Bike,0
Bike_1870.jpeg,Bike,0
Car_1475.jpeg,Car,1
Bike_893.jpeg,Bike,0
Bike_1725.jpeg,Bike,0
Car_1267.jpeg,Car,1
Bike_1847.jpeg,Bike,0
Car_1552.jpeg,Car,1
Car_1070.jpeg,Car,1
Bike_1670.jpeg,Bike,0
Bike_854.jpeg,Bike,0
Bike_1451.jpeg,Bike,0
Car_55.jpeg,Car,1
Bike_959.jpeg,Bike,0
Bike_1655.jpeg,Bike,0
Car_732.jpeg,Car,1
Bike_1821.jpeg,Bike,0
Bike_944.jpeg,Bike,0
Car_214.jpeg,Car,1
Bike_606.jpeg,Bike,0
Car_987.jpeg,Car,1
Car_1633.jpeg,Car,1
Car_816.jpeg,Car,1
Car_1588.jpeg,Car,1
Bike_84.jpeg,Bike,0
Bike_600.jpeg,Bike,0
Car_1471.jpeg,Car,1
Car_926.jpeg,Car,1
Car_548.jpeg,Car,1
Bike_1894.jpeg,Bike,0
Bike_528.jpeg,Bike,0
Car_1601.jpeg,Car,1
Car_1631.jpeg,Car,1
Bike_973.jpeg,Bike,0
Car_942.jpeg,Car,1
Bike_409.jpeg,Bike,0
Car_1825.jpeg,Car,1
Bike_79.jpeg,Bike,0
Bike_1145.jpeg,Bike,0
Bike_756.jpeg,Bike,0
Bike_1546.jpeg,Bike,0
Bike_571.jpeg,Bike,0
Car_305.jpeg,Car,1
Car_1149.jpeg,Car,1
Car_802.jpeg,Car,1
Bike_308.jpeg,Bike,0
Bike_567.jpeg,Bike,0
Car_1356.jpeg,Car,1
Car_1991.jpeg,Car,1
Car_908.jpeg,Car,1
Bike_532.jpeg,Bike,0
Car_1457.jpeg,Car,1
Bike_1164.jpeg,Bike,0
Bike_351.jpeg,Bike,0
Car_879.jpeg,Car,1
Bike_624.jpeg,Bike,0
Bike_108.jpeg,Bike,0
Bike_1131.jpeg,Bike,0
Bike_312.jpeg,Bike,0
Car_1641.jpeg,Car,1
Car_1398.jpeg,Car,1
Car_1272.jpeg,Car,1
Bike_1565.jpeg,Bike,0
Bike_109.jpeg,Bike,0
Car_621.jpeg,Car,1
Car_701.jpeg,Car,1
Bike_878.jpeg,Bike,0
Car_1395.jpeg,Car,1
Bike_1268.jpeg,Bike,0
Bike_917.jpeg,Bike,0
Bike_1724.jpeg,Bike,0
Car_1201.jpeg,Car,1
Bike_178.jpeg,Bike,0
Car_1895.jpeg,Car,1
Car_877.jpeg,Car,1
Bike_1981.jpeg,Bike,0
Bike_832.jpeg,Bike,0
Bike_1390.jpeg,Bike,0
Bike_1876.jpeg,Bike,0
Bike_685.jpeg,Bike,0
Car_758.jpeg,Car,1
Car_730.jpeg,Car,1
Car_828.jpeg,Car,1
Bike_1687.jpeg,Bike,0
Car_824.jpeg,Car,1
Car_109.jpeg,Car,1
Bike_314.jpeg,Bike,0
Bike_1457.jpeg,Bike,0
Car_1777.jpeg,Car,1
Bike_1604.jpeg,Bike,0
Car_856.jpeg,Car,1
Car_954.jpeg,Car,1
Car_296.jpeg,Car,1
Car_1546.jpeg,Car,1
Car_1922.jpeg,Car,1
Bike_474.jpeg,Bike,0
Bike_1172.jpeg,Bike,0
Bike_500.jpeg,Bike,0
Bike_1837.jpeg,Bike,0
Car_469.jpeg,Car,1
Car_1124.jpeg,Car,1
Car_1199.jpeg,Car,1
Car_1713.jpeg,Car,1
Car_221.jpeg,Car,1
Car_625.jpeg,Car,1
Car_1998.jpeg,Car,1
Car_1742.jpeg,Car,1
Car_1559.jpeg,Car,1
Bike_1401.jpeg,Bike,0
Car_1170.jpeg,Car,1
Car_903.jpeg,Car,1
Car_271.jpeg,Car,1
Car_501.jpeg,Car,1
Car_426.jpeg,Car,1
Car_363.jpeg,Car,1
Bike_1423.jpeg,Bike,0
Bike_383.jpeg,Bike,0
Bike_556.jpeg,Bike,0
Car_512.jpeg,Car,1
Car_849.jpeg,Car,1
Bike_716.jpeg,Bike,0
Car_58.jpeg,Car,1
Car_45.jpeg,Car,1
Bike_395.jpeg,Bike,0
Car_1144.jpeg,Car,1
Bike_1881.jpeg,Bike,0
Car_1727.jpeg,Car,1
Bike_627.jpeg,Bike,0
Bike_1251.jpeg,Bike,0
Car_1584.jpeg,Car,1
Car_101.jpeg,Car,1
Bike_160.jpeg,Bike,0
Car_1760.jpeg,Car,1
Bike_1392.jpeg,Bike,0
Car_532.jpeg,Car,1
Car_874.jpeg,Car,1
Car_839.jpeg,Car,1
Bike_1155.jpeg,Bike,0
Bike_1578.jpeg,Bike,0
Bike_1730.jpeg,Bike,0
Bike_334.jpeg,Bike,0
Bike_802.jpeg,Bike,0
Car_943.jpeg,Car,1
Car_421.jpeg,Car,1
Car_1069.jpeg,Car,1
Car_187.jpeg,Car,1
Car_1881.jpeg,Car,1
Bike_1977.jpeg,Bike,0
Car_1157.jpeg,Car,1
Car_1763.jpeg,Car,1
Bike_931.jpeg,Bike,0
Bike_676.jpeg,Bike,0
Car_1581.jpeg,Car,1
Bike_280.jpeg,Bike,0
Car_1109.jpeg,Car,1
Bike_1519.jpeg,Bike,0
Car_395.jpeg,Car,1
Car_933.jpeg,Car,1
Bike_557.jpeg,Bike,0
Car_463.jpeg,Car,1
Bike_195.jpeg,Bike,0
Bike_1235.jpeg,Bike,0
Car_911.jpeg,Car,1
Bike_1709.jpeg,Bike,0
Bike_1916.jpeg,Bike,0
Car_354.jpeg,Car,1
Bike_1701.jpeg,Bike,0
Car_402.jpeg,Car,1
Car_1235.jpeg,Car,1
Car_534.jpeg,Car,1
Bike_159.jpeg,Bike,0
Bike_906.jpeg,Bike,0
Car_1407.jpeg,Car,1
Bike_766.jpeg,Bike,0
Bike_1458.jpeg,Bike,0
Bike_1568.jpeg,Bike,0
Car_1100.jpeg,Car,1
Bike_142.jpeg,Bike,0
Car_597.jpeg,Car,1
Car_1387.jpeg,Car,1
Bike_981.jpeg,Bike,0
Car_1376.jpeg,Car,1
Car_525.jpeg,Car,1
Car_27.jpeg,Car,1
Car_1315.jpeg,Car,1
Car_1679.jpeg,Car,1
Car_1562.jpeg,Car,1
Bike_772.jpeg,Bike,0
Bike_1642.jpeg,Bike,0
Car_311.jpeg,Car,1
Bike_412.jpeg,Bike,0
Car_880.jpeg,Car,1
Car_1331.jpeg,Car,1
Bike_1788.jpeg,Bike,0
Bike_66.jpeg,Bike,0
Bike_440.jpeg,Bike,0
Bike_1647.jpeg,Bike,0
Car_1802.jpeg,Car,1
Bike_1246.jpeg,Bike,0
Bike_358.jpeg,Bike,0
Car_1680.jpeg,Car,1
Bike_1350.jpeg,Bike,0
Car_1113.jpeg,Car,1
Car_1284.jpeg,Car,1
Car_1571.jpeg,Car,1
Car_888.jpeg,Car,1
Bike_1077.jpeg,Bike,0
Car_1391.jpeg,Car,1
Car_1171.jpeg,Car,1
Car_959.jpeg,Car,1
Bike_252.jpeg,Bike,0
Car_1445.jpeg,Car,1
Bike_1402.jpeg,Bike,0
Bike_1315.jpeg,Bike,0
Bike_1463.jpeg,Bike,0
Bike_91.jpeg,Bike,0
Bike_179.jpeg,Bike,0
Bike_1930.jpeg,Bike,0
Bike_1683.jpeg,Bike,0
Bike_69.jpeg,Bike,0
Car_1390.jpeg,Car,1
Car_378.jpeg,Car,1
Bike_1366.jpeg,Bike,0
Bike_197.jpeg,Bike,0
Bike_597.jpeg,Bike,0
Bike_1012.jpeg,Bike,0
Car_432.jpeg,Car,1
Car_69.jpeg,Car,1
Bike_1153.jpeg,Bike,0
Car_1687.jpeg,Car,1
Bike_181.jpeg,Bike,0
Bike_223.jpeg,Bike,0
Bike_1872.jpeg,Bike,0
Bike_1360.jpeg,Bike,0
Bike_144.jpeg,Bike,0
Bike_616.jpeg,Bike,0
Bike_578.jpeg,Bike,0
Bike_1132.jpeg,Bike,0
Bike_310.jpeg,Bike,0
Bike_512.jpeg,Bike,0
Car_1606.jpeg,Car,1
Car_792.jpeg,Car,1
Car_689.jpeg,Car,1
Bike_1098.jpeg,Bike,0
Bike_706.jpeg,Bike,0
Car_672.jpeg,Car,1
Bike_1915.jpeg,Bike,0
Bike_491.jpeg,Bike,0
Car_806.jpeg,Car,1
Bike_1231.jpeg,Bike,0
Bike_989.jpeg,Bike,0
Car_460.jpeg,Car,1
Car_173.jpeg,Car,1
Bike_1332.jpeg,Bike,0
Bike_1822.jpeg,Bike,0
Car_1234.jpeg,Car,1
Bike_1018.jpeg,Bike,0
Car_870.jpeg,Car,1
Bike_401.jpeg,Bike,0
Bike_189.jpeg,Bike,0
Car_425.jpeg,Car,1
Bike_652.jpeg,Bike,0
Car_344.jpeg,Car,1
Car_980.jpeg,Car,1
Car_299.jpeg,Car,1
Bike_1414.jpeg,Bike,0
Car_1655.jpeg,Car,1
Bike_1176.jpeg,Bike,0
Car_1368.jpeg,Car,1
Bike_372.jpeg,Bike,0
Car_1485.jpeg,Car,1
Car_464.jpeg,Car,1
Bike_1544.jpeg,Bike,0
Car_964.jpeg,Car,1
Bike_1503.jpeg,Bike,0
Bike_1993.jpeg,Bike,0
Bike_1660.jpeg,Bike,0
Car_1884.jpeg,Car,1
Bike_1813.jpeg,Bike,0
Bike_728.jpeg,Bike,0
Bike_1162.jpeg,Bike,0
Car_1608.jpeg,Car,1
Car_1214.jpeg,Car,1
Bike_1382.jpeg,Bike,0
Bike_547.jpeg,Bike,0
Car_1303.jpeg,Car,1
Bike_1452.jpeg,Bike,0
Bike_738.jpeg,Bike,0
Bike_201.jpeg,Bike,0
Bike_217.jpeg,Bike,0
Bike_447.jpeg,Bike,0
Car_1877.jpeg,Car,1
Bike_734.jpeg,Bike,0
Bike_618.jpeg,Bike,0
Bike_1108.jpeg,Bike,0
Car_99.jpeg,Car,1
Bike_1949.jpeg,Bike,0
Car_31.jpeg,Car,1
Car_1515.jpeg,Car,1
Car_1943.jpeg,Car,1
Car_445.jpeg,Car,1
Car_502.jpeg,Car,1
Bike_845.jpeg,Bike,0
Car_434.jpeg,Car,1
Bike_983.jpeg,Bike,0
Car_1570.jpeg,Car,1
Bike_852.jpeg,Bike,0
Car_1893.jpeg,Car,1
Car_1837.jpeg,Car,1
Bike_985.jpeg,Bike,0
Car_1710.jpeg,Car,1
Car_82.jpeg,Car,1
Bike_1345.jpeg,Bike,0
Car_1443.jpeg,Car,1
Bike_210.jpeg,Bike,0
Car_407.jpeg,Car,1
Car_95.jpeg,Car,1
Car_328.jpeg,Car,1
Car_377.jpeg,Car,1
Car_1932.jpeg,Car,1
Bike_1883.jpeg,Bike,0
Bike_803.jpeg,Bike,0
Bike_1841.jpeg,Bike,0
Bike_100.jpeg,Bike,0
Bike_1205.jpeg,Bike,0
Car_909.jpeg,Car,1
Car_1609.jpeg,Car,1
Bike_984.jpeg,Bike,0
Bike_1549.jpeg,Bike,0
Car_1085.jpeg,Car,1
Bike_761.jpeg,Bike,0
Car_163.jpeg,Car,1
Car_391.jpeg,Car,1
Bike_317.jpeg,Bike,0
Bike_1827.jpeg,Bike,0
Car_1102.jpeg,Car,1
Car_1792.jpeg,Car,1
Car_1529.jpeg,Car,1
Car_294.jpeg,Car,1
Bike_405.jpeg,Bike,0
Bike_151.jpeg,Bike,0
Bike_1181.jpeg,Bike,0
Car_1902.jpeg,Car,1
Bike_13.jpeg,Bike,0
Car_136.jpeg,Car,1
Car_1923.jpeg,Car,1
Car_658.jpeg,Car,1
Car_1782.jpeg,Car,1
Bike_843.jpeg,Bike,0
Car_1530.jpeg,Car,1
Car_1253.jpeg,Car,1
Car_508.jpeg,Car,1
Car_1875.jpeg,Car,1
Car_941.jpeg,Car,1
Bike_1194.jpeg,Bike,0
Car_1317.jpeg,Car,1
Bike_168.jpeg,Bike,0
Car_605.jpeg,Car,1
Car_156.jpeg,Car,1
Bike_507.jpeg,Bike,0
Bike_1852.jpeg,Bike,0
Bike_778.jpeg,Bike,0
Car_1404.jpeg,Car,1
Car_1729.jpeg,Car,1
Bike_825.jpeg,Bike,0
Car_452.jpeg,Car,1
Car_1051.jpeg,Car,1
Bike_1639.jpeg,Bike,0
Car_9.jpeg,Car,1
Bike_1791.jpeg,Bike,0
Car_1828.jpeg,Car,1
Car_1790.jpeg,Car,1
Car_278.jpeg,Car,1
Car_385.jpeg,Car,1
Car_1986.jpeg,Car,1
Car_610.jpeg,Car,1
Car_650.jpeg,Car,1
Car_459.jpeg,Car,1
Car_771.jpeg,Car,1
Car_1159.jpeg,Car,1
Car_1189.jpeg,Car,1
Bike_863.jpeg,Bike,0
Bike_94.jpeg,Bike,0
Bike_428.jpeg,Bike,0
Car_649.jpeg,Car,1
Car_1623.jpeg,Car,1
Car_1055.jpeg,Car,1
Bike_57.jpeg,Bike,0
Bike_1514.jpeg,Bike,0
Bike_1006.jpeg,Bike,0
Bike_400.jpeg,Bike,0
Bike_545.jpeg,Bike,0
Bike_496.jpeg,Bike,0
Car_1911.jpeg,Car,1
Car_1610.jpeg,Car,1
Car_1539.jpeg,Car,1
Bike_1159.jpeg,Bike,0
Car_1152.jpeg,Car,1
Bike_866.jpeg,Bike,0
Bike_1541.jpeg,Bike,0
Bike_1052.jpeg,Bike,0
Bike_1952.jpeg,Bike,0
Car_1231.jpeg,Car,1
Bike_1151.jpeg,Bike,0
Bike_346.jpeg,Bike,0
Bike_516.jpeg,Bike,0
Car_1087.jpeg,Car,1
Bike_885.jpeg,Bike,0
Car_669.jpeg,Car,1
Car_637.jpeg,Car,1
Car_473.jpeg,Car,1
Bike_596.jpeg,Bike,0
Bike_1606.jpeg,Bike,0
Bike_107.jpeg,Bike,0
Bike_125.jpeg,Bike,0
Bike_139.jpeg,Bike,0
Car_1348.jpeg,Car,1
Bike_1700.jpeg,Bike,0
Car_1243.jpeg,Car,1
Bike_1705.jpeg,Bike,0
Car_587.jpeg,Car,1
Car_543.jpeg,Car,1
Bike_1245.jpeg,Bike,0
Bike_54.jpeg,Bike,0
Bike_1319.jpeg,Bike,0
Car_647.jpeg,Car,1
Bike_185.jpeg,Bike,0
Car_441.jpeg,Car,1
Bike_1590.jpeg,Bike,0
Bike_1228.jpeg,Bike,0
Car_1625.jpeg,Car,1
Car_40.jpeg,Car,1
Bike_1808.jpeg,Bike,0
Car_201.jpeg,Car,1
Car_1333.jpeg,Car,1
Bike_582.jpeg,Bike,0
Bike_1406.jpeg,Bike,0
Car_1708.jpeg,Car,1
Bike_1530.jpeg,Bike,0
Bike_970.jpeg,Bike,0
Car_795.jpeg,Car,1
Car_683.jpeg,Car,1
Car_686.jpeg,Car,1
Bike_196.jpeg,Bike,0
Car_32.jpeg,Car,1
Car_1019.jpeg,Car,1
Bike_1156.jpeg,Bike,0
Bike_469.jpeg,Bike,0
Car_91.jpeg,Car,1
Car_511.jpeg,Car,1
Bike_1418.jpeg,Bike,0
Bike_1433.jpeg,Bike,0
Bike_1295.jpeg,Bike,0
Bike_1278.jpeg,Bike,0
Car_66.jpeg,Car,1
Bike_1064.jpeg,Bike,0
Car_1761.jpeg,Car,1
Bike_1644.jpeg,Bike,0
Bike_1397.jpeg,Bike,0
Bike_1851.jpeg,Bike,0
Car_848.jpeg,Car,1
Car_1423.jpeg,Car,1
Bike_83.jpeg,Bike,0
Car_1401.jpeg,Car,1
Car_1894.jpeg,Car,1
Bike_1561.jpeg,Bike,0
Bike_605.jpeg,Bike,0
Car_1451.jpeg,Car,1
Car_1261.jpeg,Car,1
Car_819.jpeg,Car,1
Bike_1434.jpeg,Bike,0
Bike_1584.jpeg,Bike,0
Car_893.jpeg,Car,1
Bike_1656.jpeg,Bike,0
Car_1111.jpeg,Car,1
Car_958.jpeg,Car,1
Car_1184.jpeg,Car,1
Car_134.jpeg,Car,1
Car_798.jpeg,Car,1
Car_533.jpeg,Car,1
Bike_1581.jpeg,Bike,0
Car_450.jpeg,Car,1
Bike_1383.jpeg,Bike,0
Car_748.jpeg,Car,1
Car_358.jpeg,Car,1
Car_3.jpeg,Car,1
Bike_1371.jpeg,Bike,0
Bike_785.jpeg,Bike,0
Bike_270.jpeg,Bike,0
Bike_1318.jpeg,Bike,0
Bike_1574.jpeg,Bike,0
Bike_1243.jpeg,Bike,0
Car_384.jpeg,Car,1
Car_1340.jpeg,Car,1
Bike_632.jpeg,Bike,0
Bike_1617.jpeg,Bike,0
Car_307.jpeg,Car,1
Bike_1704.jpeg,Bike,0
Car_1237.jpeg,Car,1
Bike_882.jpeg,Bike,0
Bike_1111.jpeg,Bike,0
Bike_1444.jpeg,Bike,0
Bike_966.jpeg,Bike,0
Car_1455.jpeg,Car,1
Car_860.jpeg,Car,1
Car_1064.jpeg,Car,1
Bike_435.jpeg,Bike,0
Car_1634.jpeg,Car,1
Car_863.jpeg,Car,1
Car_1383.jpeg,Car,1
Car_1371.jpeg,Car,1
Car_1934.jpeg,Car,1
Car_740.jpeg,Car,1
Bike_1443.jpeg,Bike,0
Car_1556.jpeg,Car,1
Car_370.jpeg,Car,1
Bike_1358.jpeg,Bike,0
Bike_1284.jpeg,Bike,0
Car_92.jpeg,Car,1
Car_940.jpeg,Car,1
Bike_467.jpeg,Bike,0
Car_1970.jpeg,Car,1
Bike_224.jpeg,Bike,0
Car_668.jpeg,Car,1
Car_663.jpeg,Car,1
Bike_1928.jpeg,Bike,0
Car_121.jpeg,Car,1
Bike_603.jpeg,Bike,0
Bike_262.jpeg,Bike,0
Car_394.jpeg,Car,1
Bike_422.jpeg,Bike,0
Bike_1703.jpeg,Bike,0
Bike_1112.jpeg,Bike,0
Bike_796.jpeg,Bike,0
Bike_1585.jpeg,Bike,0
Car_1876.jpeg,Car,1
Bike_710.jpeg,Bike,0
Car_914.jpeg,Car,1
Car_1793.jpeg,Car,1
Bike_97.jpeg,Bike,0
Car_1147.jpeg,Car,1
Car_818.jpeg,Car,1
Bike_656.jpeg,Bike,0
Car_884.jpeg,Car,1
Car_1079.jpeg,Car,1
Bike_112.jpeg,Bike,0
Car_1732.jpeg,Car,1
Car_1566.jpeg,Car,1
Car_1008.jpeg,Car,1
Car_1410.jpeg,Car,1
Bike_1290.jpeg,Bike,0
Bike_1800.jpeg,Bike,0
Car_1958.jpeg,Car,1
Bike_1616.jpeg,Bike,0
Bike_1877.jpeg,Bike,0
Bike_1189.jpeg,Bike,0
Bike_788.jpeg,Bike,0
Bike_1492.jpeg,Bike,0
Bike_1296.jpeg,Bike,0
Bike_829.jpeg,Bike,0
Bike_1146.jpeg,Bike,0
Bike_1127.jpeg,Bike,0
Bike_1394.jpeg,Bike,0
Car_56.jpeg,Car,1
Car_592.jpeg,Car,1
Bike_493.jpeg,Bike,0
Bike_777.jpeg,Bike,0
Bike_1779.jpeg,Bike,0
Bike_900.jpeg,Bike,0
Bike_1467.jpeg,Bike,0
Bike_382.jpeg,Bike,0
Bike_1325.jpeg,Bike,0
Car_475.jpeg,Car,1
Car_374.jpeg,Car,1
Car_632.jpeg,Car,1
Car_83.jpeg,Car,1
Car_1428.jpeg,Car,1
Bike_1896.jpeg,Bike,0
Bike_1854.jpeg,Bike,0
Car_684.jpeg,Car,1
Car_1728.jpeg,Car,1
Bike_648.jpeg,Bike,0
Car_67.jpeg,Car,1
Bike_801.jpeg,Bike,0
Bike_889.jpeg,Bike,0
Car_51.jpeg,Car,1
Car_191.jpeg,Car,1
Bike_93.jpeg,Bike,0
Bike_1543.jpeg,Bike,0
Bike_1576.jpeg,Bike,0
Bike_1430.jpeg,Bike,0
Car_1294.jpeg,Car,1
Bike_177.jpeg,Bike,0
Bike_549.jpeg,Bike,0
Car_314.jpeg,Car,1
Car_602.jpeg,Car,1
Bike_1586.jpeg,Bike,0
Bike_1163.jpeg,Bike,0
Bike_52.jpeg,Bike,0
Bike_1889.jpeg,Bike,0
Car_1268.jpeg,Car,1
Car_1506.jpeg,Car,1
Bike_1336.jpeg,Bike,0
Car_1496.jpeg,Car,1
Bike_647.jpeg,Bike,0
Bike_1828.jpeg,Bike,0
Bike_525.jpeg,Bike,0
Car_1053.jpeg,Car,1
Car_1035.jpeg,Car,1
Bike_387.jpeg,Bike,0
Bike_482.jpeg,Bike,0
Bike_35.jpeg,Bike,0
Bike_266.jpeg,Bike,0
Car_1464.jpeg,Car,1
Car_712.jpeg,Car,1
Car_653.jpeg,Car,1
Bike_1784.jpeg,Bike,0
Bike_609.jpeg,Bike,0
Bike_1856.jpeg,Bike,0
Car_63.jpeg,Car,1
Car_1071.jpeg,Car,1
Car_1652.jpeg,Car,1
Bike_828.jpeg,Bike,0
Bike_233.jpeg,Bike,0
Car_716.jpeg,Car,1
Bike_1826.jpeg,Bike,0
Bike_371.jpeg,Bike,0
Car_834.jpeg,Car,1
Car_199.jpeg,Car,1
Bike_1150.jpeg,Bike,0
Bike_1681.jpeg,Bike,0
Bike_1911.jpeg,Bike,0
Car_1583.jpeg,Car,1
Car_1017.jpeg,Car,1
Bike_771.jpeg,Bike,0
Bike_1674.jpeg,Bike,0
Car_183.jpeg,Car,1
Car_1605.jpeg,Car,1
Bike_1400.jpeg,Bike,0
Bike_1297.jpeg,Bike,0
Bike_12.jpeg,Bike,0
Car_872.jpeg,Car,1
Car_1992.jpeg,Car,1
Bike_986.jpeg,Bike,0
Car_894.jpeg,Car,1
Bike_1861.jpeg,Bike,0
Car_759.jpeg,Car,1
Car_1320.jpeg,Car,1
Bike_1038.jpeg,Bike,0
Bike_1539.jpeg,Bike,0
Bike_1043.jpeg,Bike,0
Car_62.jpeg,Car,1
Bike_1140.jpeg,Bike,0
Bike_281.jpeg,Bike,0
Bike_610.jpeg,Bike,0
Bike_1906.jpeg,Bike,0
Car_1183.jpeg,Car,1
Car_110.jpeg,Car,1
Car_1887.jpeg,Car,1
Car_673.jpeg,Car,1
Bike_116.jpeg,Bike,0
Car_727.jpeg,Car,1
Car_1490.jpeg,Car,1
Bike_163.jpeg,Bike,0
Bike_1781.jpeg,Bike,0
Bike_1769.jpeg,Bike,0
Bike_1886.jpeg,Bike,0
Car_1385.jpeg,Car,1
Bike_497.jpeg,Bike,0
Bike_1304.jpeg,Bike,0
Car_87.jpeg,Car,1
Bike_1472.jpeg,Bike,0
Car_820.jpeg,Car,1
Bike_551.jpeg,Bike,0
Bike_1100.jpeg,Bike,0
Car_393.jpeg,Car,1
Bike_1809.jpeg,Bike,0
Bike_810.jpeg,Bike,0
Car_1594.jpeg,Car,1
Bike_995.jpeg,Bike,0
Bike_1455.jpeg,Bike,0
Bike_1562.jpeg,Bike,0
Car_1469.jpeg,Car,1
Car_1585.jpeg,Car,1
Bike_910.jpeg,Bike,0
Car_1427.jpeg,Car,1
Car_422.jpeg,Car,1
Bike_1279.jpeg,Bike,0
Bike_1814.jpeg,Bike,0
Car_15.jpeg,Car,1
Car_1153.jpeg,Car,1
Bike_6.jpeg,Bike,0
Car_1225.jpeg,Car,1
Bike_687.jpeg,Bike,0
Car_1.jpeg,Car,1
Car_1003.jpeg,Car,1
Car_1948.jpeg,Car,1
Car_1649.jpeg,Car,1
Bike_1099.jpeg,Bike,0
Car_1577.jpeg,Car,1
Car_998.jpeg,Car,1
Car_399.jpeg,Car,1
Car_808.jpeg,Car,1
Car_35.jpeg,Car,1
Car_1699.jpeg,Car,1
Car_723.jpeg,Car,1
Car_1627.jpeg,Car,1
Car_1465.jpeg,Car,1
Bike_1668.jpeg,Bike,0
Car_178.jpeg,Car,1
Bike_1595.jpeg,Bike,0
Bike_1340.jpeg,Bike,0
Car_1523.jpeg,Car,1
Car_61.jpeg,Car,1
Bike_1815.jpeg,Bike,0
Bike_729.jpeg,Bike,0
Bike_911.jpeg,Bike,0
Bike_74.jpeg,Bike,0
Bike_1743.jpeg,Bike,0
Bike_398.jpeg,Bike,0
Car_1050.jpeg,Car,1
Car_1413.jpeg,Car,1
Bike_1375.jpeg,Bike,0
Bike_636.jpeg,Bike,0
Bike_818.jpeg,Bike,0
Car_1938.jpeg,Car,1
Bike_1625.jpeg,Bike,0
Car_1282.jpeg,Car,1
Bike_2.jpeg,Bike,0
Car_1930.jpeg,Car,1
Car_930.jpeg,Car,1
Bike_1512.jpeg,Bike,0
Bike_203.jpeg,Bike,0
Bike_678.jpeg,Bike,0
Car_929.jpeg,Car,1
Car_919.jpeg,Car,1
Car_230.jpeg,Car,1
Car_1250.jpeg,Car,1
Car_538.jpeg,Car,1
Car_1816.jpeg,Car,1
Car_936.jpeg,Car,1
Bike_1638.jpeg,Bike,0
Car_1586.jpeg,Car,1
Car_1978.jpeg,Car,1
Car_1653.jpeg,Car,1
Car_73.jpeg,Car,1
Car_1743.jpeg,Car,1
Bike_1223.jpeg,Bike,0
Car_350.jpeg,Car,1
Car_1582.jpeg,Car,1
Car_1558.jpeg,Car,1
Car_1758.jpeg,Car,1
Car_1430.jpeg,Car,1
Bike_1996.jpeg,Bike,0
Bike_200.jpeg,Bike,0
Bike_1088.jpeg,Bike,0
Bike_741.jpeg,Bike,0
Car_1343.jpeg,Car,1
Car_1072.jpeg,Car,1
Car_1461.jpeg,Car,1
Car_1697.jpeg,Car,1
Bike_1765.jpeg,Bike,0
Car_1591.jpeg,Car,1
Bike_406.jpeg,Bike,0
Bike_1063.jpeg,Bike,0
Car_776.jpeg,Car,1
Bike_127.jpeg,Bike,0
Car_514.jpeg,Car,1
Bike_737.jpeg,Bike,0
Bike_1416.jpeg,Bike,0
Car_1484.jpeg,Car,1
Bike_311.jpeg,Bike,0
Bike_1070.jpeg,Bike,0
Bike_1107.jpeg,Bike,0
Car_1126.jpeg,Car,1
Bike_296.jpeg,Bike,0
Bike_1174.jpeg,Bike,0
Bike_1276.jpeg,Bike,0
Car_1810.jpeg,Car,1
Bike_188.jpeg,Bike,0
Car_1211.jpeg,Car,1
Car_1607.jpeg,Car,1
Car_762.jpeg,Car,1
Bike_1355.jpeg,Bike,0
Bike_1535.jpeg,Bike,0
Car_12.jpeg,Car,1
Car_1308.jpeg,Car,1
Bike_1073.jpeg,Bike,0
Car_47.jpeg,Car,1
Car_1783.jpeg,Car,1
Car_779.jpeg,Car,1
Bike_1689.jpeg,Bike,0
Car_766.jpeg,Car,1
Car_1059.jpeg,Car,1
Bike_1591.jpeg,Bike,0
Car_326.jpeg,Car,1
Bike_354.jpeg,Bike,0
Bike_1381.jpeg,Bike,0
Car_544.jpeg,Car,1
Bike_1978.jpeg,Bike,0
Bike_1600.jpeg,Bike,0
Bike_240.jpeg,Bike,0
Bike_563.jpeg,Bike,0
Car_910.jpeg,Car,1
Car_1336.jpeg,Car,1
Bike_987.jpeg,Bike,0
Bike_273.jpeg,Bike,0
Bike_1044.jpeg,Bike,0
Bike_1342.jpeg,Bike,0
Car_1823.jpeg,Car,1
Bike_1141.jpeg,Bike,0
Bike_41.jpeg,Bike,0
Car_1332.jpeg,Car,1
Bike_1058.jpeg,Bike,0
Car_1037.jpeg,Car,1
Car_1426.jpeg,Car,1
Bike_1909.jpeg,Bike,0
Bike_297.jpeg,Bike,0
Car_1668.jpeg,Car,1
Car_600.jpeg,Car,1
Bike_1032.jpeg,Bike,0
Bike_349.jpeg,Bike,0
Bike_649.jpeg,Bike,0
Bike_101.jpeg,Bike,0
Car_303.jpeg,Car,1
Bike_332.jpeg,Bike,0
Bike_1732.jpeg,Bike,0
Bike_546.jpeg,Bike,0
Bike_590.jpeg,Bike,0
Car_1103.jpeg,Car,1
Car_261.jpeg,Car,1
Bike_524.jpeg,Bike,0
Bike_751.jpeg,Bike,0
Car_1626.jpeg,Car,1
Bike_330.jpeg,Bike,0
Car_107.jpeg,Car,1
Bike_1117.jpeg,Bike,0
Car_665.jpeg,Car,1
Car_1478.jpeg,Car,1
Car_934.jpeg,Car,1
Bike_1971.jpeg,Bike,0
Car_308.jpeg,Car,1
Bike_1078.jpeg,Bike,0
Bike_1346.jpeg,Bike,0
Bike_536.jpeg,Bike,0
Car_1913.jpeg,Car,1
Car_1046.jpeg,Car,1
Car_256.jpeg,Car,1
Bike_250.jpeg,Bike,0
Bike_1618.jpeg,Bike,0
Bike_1365.jpeg,Bike,0
Car_1752.jpeg,Car,1
Bike_1904.jpeg,Bike,0
Bike_831.jpeg,Bike,0
Car_925.jpeg,Car,1
Bike_397.jpeg,Bike,0
Car_986.jpeg,Car,1
Car_1187.jpeg,Car,1
Bike_637.jpeg,Bike,0
Car_120.jpeg,Car,1
Car_1275.jpeg,Car,1
Car_495.jpeg,Car,1
Car_504.jpeg,Car,1
Car_1251.jpeg,Car,1
Car_699.jpeg,Car,1
Bike_1577.jpeg,Bike,0
Car_1352.jpeg,Car,1
Car_260.jpeg,Car,1
Bike_518.jpeg,Bike,0
Bike_1125.jpeg,Bike,0
Car_198.jpeg,Car,1
Car_478.jpeg,Car,1
Car_1489.jpeg,Car,1
Car_1384.jpeg,Car,1
Car_1246.jpeg,Car,1
Car_1415.jpeg,Car,1
Bike_256.jpeg,Bike,0
Car_1061.jpeg,Car,1
Bike_1446.jpeg,Bike,0
Bike_486.jpeg,Bike,0
Bike_1177.jpeg,Bike,0
Car_1462.jpeg,Car,1
Bike_961.jpeg,Bike,0
Car_1900.jpeg,Car,1
Car_966.jpeg,Car,1
Bike_1859.jpeg,Bike,0
Bike_379.jpeg,Bike,0
Car_1270.jpeg,Car,1
Bike_1042.jpeg,Bike,0
Bike_243.jpeg,Bike,0
Car_427.jpeg,Car,1
Bike_1133.jpeg,Bike,0
Car_1327.jpeg,Car,1
Car_624.jpeg,Car,1
Bike_259.jpeg,Bike,0
Bike_1552.jpeg,Bike,0
Car_1323.jpeg,Car,1
Bike_1865.jpeg,Bike,0
Bike_173.jpeg,Bike,0
Bike_859.jpeg,Bike,0
Car_334.jpeg,Car,1
Bike_295.jpeg,Bike,0
Car_785.jpeg,Car,1
Car_1908.jpeg,Car,1
Car_720.jpeg,Car,1
Bike_394.jpeg,Bike,0
Bike_534.jpeg,Bike,0
Bike_1926.jpeg,Bike,0
Car_130.jpeg,Car,1
Car_143.jpeg,Car,1
Car_1477.jpeg,Car,1
Bike_635.jpeg,Bike,0
Bike_1238.jpeg,Bike,0
Car_1402.jpeg,Car,1
Car_945.jpeg,Car,1
Car_1424.jpeg,Car,1
Car_52.jpeg,Car,1
Car_559.jpeg,Car,1
Bike_1836.jpeg,Bike,0
Bike_1216.jpeg,Bike,0
Bike_1702.jpeg,Bike,0
Bike_1264.jpeg,Bike,0
Bike_1789.jpeg,Bike,0
Bike_869.jpeg,Bike,0
Car_695.jpeg,Car,1
Car_272.jpeg,Car,1
Car_537.jpeg,Car,1
Car_164.jpeg,Car,1
Car_1316.jpeg,Car,1
Car_1870.jpeg,Car,1
Car_545.jpeg,Car,1
Car_1470.jpeg,Car,1
Car_1291.jpeg,Car,1
Car_182.jpeg,Car,1
Car_1629.jpeg,Car,1
Car_293.jpeg,Car,1
Bike_1261.jpeg,Bike,0
Car_842.jpeg,Car,1
Bike_1395.jpeg,Bike,0
Bike_838.jpeg,Bike,0
Car_263.jpeg,Car,1
Bike_276.jpeg,Bike,0
Bike_1885.jpeg,Bike,0
Bike_1461.jpeg,Bike,0
Bike_1334.jpeg,Bike,0
Bike_149.jpeg,Bike,0
Bike_568.jpeg,Bike,0
Bike_747.jpeg,Bike,0
Bike_34.jpeg,Bike,0
Bike_642.jpeg,Bike,0
Bike_1764.jpeg,Bike,0
Bike_377.jpeg,Bike,0
Bike_46.jpeg,Bike,0
Car_1258.jpeg,Car,1
Car_1119.jpeg,Car,1
Car_1639.jpeg,Car,1
Car_1499.jpeg,Car,1
Car_1011.jpeg,Car,1
Bike_147.jpeg,Bike,0
Bike_1895.jpeg,Bike,0
Bike_1056.jpeg,Bike,0
Bike_1269.jpeg,Bike,0
Car_644.jpeg,Car,1
Car_1442.jpeg,Car,1
Bike_255.jpeg,Bike,0
Bike_1711.jpeg,Bike,0
Bike_424.jpeg,Bike,0
Bike_115.jpeg,Bike,0
Car_219.jpeg,Car,1
Bike_957.jpeg,Bike,0
Bike_1824.jpeg,Bike,0
Car_1616.jpeg,Car,1
Bike_1352.jpeg,Bike,0
Bike_1623.jpeg,Bike,0
Car_89.jpeg,Car,1
Bike_1110.jpeg,Bike,0
Bike_457.jpeg,Bike,0
Bike_184.jpeg,Bike,0
Bike_593.jpeg,Bike,0
Car_406.jpeg,Car,1
Car_1369.jpeg,Car,1
Car_1848.jpeg,Car,1
Car_617.jpeg,Car,1
Bike_1900.jpeg,Bike,0
Bike_941.jpeg,Bike,0
Car_1220.jpeg,Car,1
Bike_723.jpeg,Bike,0
Car_137.jpeg,Car,1
Car_155.jpeg,Car,1
Bike_730.jpeg,Bike,0
Bike_1758.jpeg,Bike,0
Bike_1811.jpeg,Bike,0
Bike_1513.jpeg,Bike,0
Bike_388.jpeg,Bike,0
Car_1865.jpeg,Car,1
Car_1555.jpeg,Car,1
Car_1400.jpeg,Car,1
Bike_1410.jpeg,Bike,0
Car_1174.jpeg,Car,1
Car_685.jpeg,Car,1
Car_590.jpeg,Car,1
Car_403.jpeg,Car,1
Bike_427.jpeg,Bike,0
Car_1666.jpeg,Car,1
Bike_511.jpeg,Bike,0
Car_433.jpeg,Car,1
Bike_14.jpeg,Bike,0
Car_1460.jpeg,Car,1
Bike_1422.jpeg,Bike,0
Bike_1459.jpeg,Bike,0
Bike_526.jpeg,Bike,0
Bike_1761.jpeg,Bike,0
Car_1906.jpeg,Car,1
Car_1173.jpeg,Car,1
Car_247.jpeg,Car,1
Bike_1412.jpeg,Bike,0
Bike_285.jpeg,Bike,0
Car_346.jpeg,Car,1
Bike_1139.jpeg,Bike,0
Car_227.jpeg,Car,1
Bike_8.jpeg,Bike,0
Car_1915.jpeg,Car,1
Bike_1481.jpeg,Bike,0
Bike_368.jpeg,Bike,0
Bike_404.jpeg,Bike,0
Bike_239.jpeg,Bike,0
Bike_1411.jpeg,Bike,0
Car_106.jpeg,Car,1
Bike_1744.jpeg,Bike,0
Car_1917.jpeg,Car,1
Bike_488.jpeg,Bike,0
Car_1374.jpeg,Car,1
Bike_103.jpeg,Bike,0
Car_264.jpeg,Car,1
Bike_1676.jpeg,Bike,0
Car_772.jpeg,Car,1
Bike_165.jpeg,Bike,0
Bike_396.jpeg,Bike,0
Car_1172.jpeg,Car,1
Bike_634.jpeg,Bike,0
Bike_1825.jpeg,Bike,0
Car_1434.jpeg,Car,1
Car_1349.jpeg,Car,1
Bike_1241.jpeg,Bike,0
Car_416.jpeg,Car,1
Bike_1622.jpeg,Bike,0
Bike_1215.jpeg,Bike,0
Car_127.jpeg,Car,1
Car_1114.jpeg,Car,1
Car_1740.jpeg,Car,1
Bike_126.jpeg,Bike,0
Car_709.jpeg,Car,1
Bike_1772.jpeg,Bike,0
Bike_1286.jpeg,Bike,0
Bike_1244.jpeg,Bike,0
Car_568.jpeg,Car,1
Car_1512.jpeg,Car,1
Bike_1425.jpeg,Bike,0
Bike_531.jpeg,Bike,0
Car_634.jpeg,Car,1
Car_151.jpeg,Car,1
Bike_1620.jpeg,Bike,0
Car_125.jpeg,Car,1
Bike_1913.jpeg,Bike,0
Bike_152.jpeg,Bike,0
Bike_1959.jpeg,Bike,0
Bike_542.jpeg,Bike,0
Car_803.jpeg,Car,1
Bike_271.jpeg,Bike,0
Bike_464.jpeg,Bike,0
Bike_1288.jpeg,Bike,0
Car_993.jpeg,Car,1
Car_262.jpeg,Car,1
Bike_717.jpeg,Bike,0
Car_1698.jpeg,Car,1
Car_153.jpeg,Car,1
Bike_783.jpeg,Bike,0
Car_1786.jpeg,Car,1
Bike_927.jpeg,Bike,0
Car_1613.jpeg,Car,1
Car_1572.jpeg,Car,1
Bike_1039.jpeg,Bike,0
Car_960.jpeg,Car,1
Bike_993.jpeg,Bike,0
Car_563.jpeg,Car,1
Bike_813.jpeg,Bike,0
Car_1162.jpeg,Car,1
Bike_834.jpeg,Bike,0
Car_939.jpeg,Car,1
Car_990.jpeg,Car,1
Car_461.jpeg,Car,1
Car_556.jpeg,Car,1
Car_1806.jpeg,Car,1
Bike_399.jpeg,Bike,0
Car_1820.jpeg,Car,1
Bike_827.jpeg,Bike,0
Car_1265.jpeg,Car,1
Bike_1588.jpeg,Bike,0
Car_1244.jpeg,Car,1
Bike_1878.jpeg,Bike,0
Bike_365.jpeg,Bike,0
Bike_1857.jpeg,Bike,0
Car_481.jpeg,Car,1
Bike_1602.jpeg,Bike,0
Bike_446.jpeg,Bike,0
Bike_53.jpeg,Bike,0
Car_50.jpeg,Car,1
Car_1073.jpeg,Car,1
Car_1319.jpeg,Car,1
Bike_646.jpeg,Bike,0
Car_1208.jpeg,Car,1
Car_1756.jpeg,Car,1
Bike_150.jpeg,Bike,0
Bike_1387.jpeg,Bike,0
Bike_1421.jpeg,Bike,0
Car_521.jpeg,Car,1
Car_552.jpeg,Car,1
Bike_1528.jpeg,Bike,0
Bike_654.jpeg,Bike,0
Car_572.jpeg,Car,1
Car_1980.jpeg,Car,1
Bike_1810.jpeg,Bike,0
Car_1346.jpeg,Car,1
Car_613.jpeg,Car,1
Bike_1752.jpeg,Bike,0
Car_1596.jpeg,Car,1
Bike_472.jpeg,Bike,0
Bike_1924.jpeg,Bike,0
Bike_1931.jpeg,Bike,0
Car_718.jpeg,Car,1
Car_1447.jpeg,Car,1
Car_1033.jpeg,Car,1
Bike_1992.jpeg,Bike,0
Bike_658.jpeg,Bike,0
Car_1829.jpeg,Car,1
Bike_1102.jpeg,Bike,0
Car_114.jpeg,Car,1
Bike_1008.jpeg,Bike,0
Bike_1615.jpeg,Bike,0
Car_503.jpeg,Car,1
Bike_943.jpeg,Bike,0
Car_209.jpeg,Car,1
Bike_709.jpeg,Bike,0
Bike_1482.jpeg,Bike,0
Car_604.jpeg,Car,1
Car_770.jpeg,Car,1
Bike_1373.jpeg,Bike,0
Bike_1999.jpeg,Bike,0
Car_1271.jpeg,Car,1
Bike_877.jpeg,Bike,0
Bike_659.jpeg,Bike,0
Car_811.jpeg,Car,1
Car_1716.jpeg,Car,1
Bike_269.jpeg,Bike,0
Car_1750.jpeg,Car,1
Bike_1575.jpeg,Bike,0
Car_1175.jpeg,Car,1
Car_1811.jpeg,Car,1
Bike_468.jpeg,Bike,0
Car_254.jpeg,Car,1
Car_1094.jpeg,Car,1
Car_1575.jpeg,Car,1
Car_1155.jpeg,Car,1
Car_1901.jpeg,Car,1
Car_691.jpeg,Car,1
Car_1006.jpeg,Car,1
Bike_85.jpeg,Bike,0
Bike_566.jpeg,Bike,0
Car_835.jpeg,Car,1
Car_1949.jpeg,Car,1
Bike_471.jpeg,Bike,0
Car_365.jpeg,Car,1
Car_345.jpeg,Car,1
Car_1525.jpeg,Car,1
Bike_740.jpeg,Bike,0
Bike_1183.jpeg,Bike,0
Car_41.jpeg,Car,1
Bike_478.jpeg,Bike,0
Car_956.jpeg,Car,1
Car_1779.jpeg,Car,1
Car_309.jpeg,Car,1
Car_1822.jpeg,Car,1
Car_1578.jpeg,Car,1
Bike_425.jpeg,Bike,0
Car_1818.jpeg,Car,1
Car_1107.jpeg,Car,1
Bike_692.jpeg,Bike,0
Car_1032.jpeg,Car,1
Car_883.jpeg,Car,1
Bike_955.jpeg,Bike,0
Car_826.jpeg,Car,1
Car_1133.jpeg,Car,1
Car_1342.jpeg,Car,1
Bike_719.jpeg,Bike,0
Bike_1794.jpeg,Bike,0
Car_1226.jpeg,Car,1
Car_1854.jpeg,Car,1
Car_1307.jpeg,Car,1
Car_1933.jpeg,Car,1
Bike_530.jpeg,Bike,0
Bike_1867.jpeg,Bike,0
Car_582.jpeg,Car,1
Car_1969.jpeg,Car,1
Car_571.jpeg,Car,1
Car_386.jpeg,Car,1
Bike_445.jpeg,Bike,0
Car_158.jpeg,Car,1
Car_1983.jpeg,Car,1
Bike_99.jpeg,Bike,0
Car_1573.jpeg,Car,1
Bike_572.jpeg,Bike,0
Bike_1756.jpeg,Bike,0
Car_396.jpeg,Car,1
Bike_1621.jpeg,Bike,0
Car_1731.jpeg,Car,1
Car_1924.jpeg,Car,1
Bike_1128.jpeg,Bike,0
Car_1338.jpeg,Car,1
Car_573.jpeg,Car,1
Bike_815.jpeg,Bike,0
Car_88.jpeg,Car,1
Car_696.jpeg,Car,1
Car_1141.jpeg,Car,1
Car_259.jpeg,Car,1
Bike_1629.jpeg,Bike,0
Car_7.jpeg,Car,1
Bike_949.jpeg,Bike,0
Car_1178.jpeg,Car,1
Car_440.jpeg,Car,1
Bike_515.jpeg,Bike,0
Car_1479.jpeg,Car,1
Car_950.jpeg,Car,1
Car_1615.jpeg,Car,1
Bike_1553.jpeg,Bike,0
Bike_901.jpeg,Bike,0
Bike_59.jpeg,Bike,0
Car_1630.jpeg,Car,1
Car_588.jpeg,Car,1
Car_783.jpeg,Car,1
Bike_1019.jpeg,Bike,0
Bike_698.jpeg,Bike,0
Car_825.jpeg,Car,1
Bike_321.jpeg,Bike,0
Bike_608.jpeg,Bike,0
Car_978.jpeg,Car,1
Bike_1986.jpeg,Bike,0
Bike_1468.jpeg,Bike,0
Bike_392.jpeg,Bike,0
Car_1662.jpeg,Car,1
Car_742.jpeg,Car,1
Bike_1745.jpeg,Bike,0
Bike_11.jpeg,Bike,0
Bike_437.jpeg,Bike,0
Car_279.jpeg,Car,1
Car_1593.jpeg,Car,1
Car_703.jpeg,Car,1
Bike_1341.jpeg,Bike,0
Bike_653.jpeg,Bike,0
Car_1524.jpeg,Car,1
Bike_1640.jpeg,Bike,0
Bike_1386.jpeg,Bike,0
Car_1219.jpeg,Car,1
Car_1481.jpeg,Car,1
Bike_1211.jpeg,Bike,0
Bike_1196.jpeg,Bike,0
Bike_1115.jpeg,Bike,0
Car_1143.jpeg,Car,1
Car_352.jpeg,Car,1
Car_71.jpeg,Car,1
Bike_805.jpeg,Bike,0
Car_1595.jpeg,Car,1
Car_1791.jpeg,Car,1
Car_1545.jpeg,Car,1
Bike_1079.jpeg,Bike,0
Car_1589.jpeg,Car,1
Bike_1160.jpeg,Bike,0
Bike_870.jpeg,Bike,0
Bike_1437.jpeg,Bike,0
Bike_1135.jpeg,Bike,0
Car_19.jpeg,Car,1
Bike_90.jpeg,Bike,0
Car_1347.jpeg,Car,1
Car_491.jpeg,Car,1
Bike_140.jpeg,Bike,0
Car_193.jpeg,Car,1
Bike_1579.jpeg,Bike,0
Car_176.jpeg,Car,1
Car_1483.jpeg,Car,1
Car_595.jpeg,Car,1
Bike_1516.jpeg,Bike,0
Car_486.jpeg,Car,1
Car_1510.jpeg,Car,1
Bike_1587.jpeg,Bike,0
Car_196.jpeg,Car,1
Bike_714.jpeg,Bike,0
Car_1517.jpeg,Car,1
Bike_1253.jpeg,Bike,0
Bike_837.jpeg,Bike,0
Bike_248.jpeg,Bike,0
Car_1459.jpeg,Car,1
Car_174.jpeg,Car,1
Car_1458.jpeg,Car,1
Car_250.jpeg,Car,1
Car_531.jpeg,Car,1
Car_411.jpeg,Car,1
Bike_1731.jpeg,Bike,0
Bike_697.jpeg,Bike,0
Car_1696.jpeg,Car,1
Car_949.jpeg,Car,1
Car_246.jpeg,Car,1
Bike_303.jpeg,Bike,0
Car_831.jpeg,Car,1
Bike_1121.jpeg,Bike,0
Car_1682.jpeg,Car,1
Car_1474.jpeg,Car,1
Bike_64.jpeg,Bike,0
Bike_352.jpeg,Bike,0
Bike_868.jpeg,Bike,0
Bike_894.jpeg,Bike,0
Car_449.jpeg,Car,1
Car_1956.jpeg,Car,1
Car_1039.jpeg,Car,1
Bike_1557.jpeg,Bike,0
Bike_1048.jpeg,Bike,0
Car_1701.jpeg,Car,1
Car_94.jpeg,Car,1
Car_697.jpeg,Car,1
Bike_1995.jpeg,Bike,0
Car_1927.jpeg,Car,1
Bike_1593.jpeg,Bike,0
Car_1789.jpeg,Car,1
Bike_95.jpeg,Bike,0
Car_206.jpeg,Car,1
Car_601.jpeg,Car,1
Car_1207.jpeg,Car,1
Car_1363.jpeg,Car,1
Car_1341.jpeg,Car,1
Bike_888.jpeg,Bike,0
Car_566.jpeg,Car,1
Bike_154.jpeg,Bike,0
Bike_591.jpeg,Bike,0
Car_123.jpeg,Car,1
Car_288.jpeg,Car,1
Bike_1792.jpeg,Bike,0
Bike_1536.jpeg,Bike,0
Car_165.jpeg,Car,1
Bike_1068.jpeg,Bike,0
Bike_1659.jpeg,Bike,0
Bike_1335.jpeg,Bike,0
Car_728.jpeg,Car,1
Bike_385.jpeg,Bike,0
Car_1849.jpeg,Car,1
Car_1531.jpeg,Car,1
Bike_1631.jpeg,Bike,0
Car_1819.jpeg,Car,1
Bike_755.jpeg,Bike,0
Car_1292.jpeg,Car,1
Car_81.jpeg,Car,1
Car_1715.jpeg,Car,1
Bike_1.jpeg,Bike,0
Bike_1067.jpeg,Bike,0
Bike_1843.jpeg,Bike,0
Car_1476.jpeg,Car,1
Car_832.jpeg,Car,1
Car_300.jpeg,Car,1
Car_84.jpeg,Car,1
Car_1719.jpeg,Car,1
Bike_191.jpeg,Bike,0
Bike_133.jpeg,Bike,0
Car_1565.jpeg,Car,1
Car_1277.jpeg,Car,1
Bike_1939.jpeg,Bike,0
Bike_9.jpeg,Bike,0
Bike_996.jpeg,Bike,0
Bike_230.jpeg,Bike,0
Bike_934.jpeg,Bike,0
Car_1304.jpeg,Car,1
Car_1393.jpeg,Car,1
Bike_905.jpeg,Bike,0
Bike_963.jpeg,Bike,0
Bike_874.jpeg,Bike,0
Car_735.jpeg,Car,1
Bike_645.jpeg,Bike,0
Bike_38.jpeg,Bike,0
Bike_1957.jpeg,Bike,0
Bike_479.jpeg,Bike,0
Bike_466.jpeg,Bike,0
Car_435.jpeg,Car,1
Car_240.jpeg,Car,1
Bike_299.jpeg,Bike,0
Bike_1966.jpeg,Bike,0
Car_145.jpeg,Car,1
Bike_1708.jpeg,Bike,0
Bike_1217.jpeg,Bike,0
Car_251.jpeg,Car,1
Car_633.jpeg,Car,1
Bike_1502.jpeg,Bike,0
Car_1066.jpeg,Car,1
Bike_481.jpeg,Bike,0
Car_1302.jpeg,Car,1
Bike_1749.jpeg,Bike,0
Car_1425.jpeg,Car,1
Bike_824.jpeg,Bike,0
Car_1700.jpeg,Car,1
Car_437.jpeg,Car,1
Bike_508.jpeg,Bike,0
Car_1880.jpeg,Car,1
Car_1643.jpeg,Car,1
Bike_1697.jpeg,Bike,0
Bike_258.jpeg,Bike,0
Bike_1075.jpeg,Bike,0
Car_516.jpeg,Car,1
Car_126.jpeg,Car,1
Bike_1515.jpeg,Bike,0
Car_4.jpeg,Car,1
Car_484.jpeg,Car,1
Bike_274.jpeg,Bike,0
Bike_1237.jpeg,Bike,0
Car_915.jpeg,Car,1
Bike_1249.jpeg,Bike,0
Bike_552.jpeg,Bike,0
Bike_1271.jpeg,Bike,0
Bike_1420.jpeg,Bike,0
Bike_1495.jpeg,Bike,0
Bike_209.jpeg,Bike,0
Bike_146.jpeg,Bike,0
Car_1354.jpeg,Car,1
Car_186.jpeg,Car,1
Car_524.jpeg,Car,1
Bike_510.jpeg,Bike,0
Car_865.jpeg,Car,1
Car_1574.jpeg,Car,1
Bike_136.jpeg,Bike,0
Car_1034.jpeg,Car,1
Car_917.jpeg,Car,1
Bike_950.jpeg,Bike,0
Bike_283.jpeg,Bike,0
Car_1399.jpeg,Car,1
Car_1075.jpeg,Car,1
Bike_1799.jpeg,Bike,0
Car_1686.jpeg,Car,1
Car_1411.jpeg,Car,1
Bike_672.jpeg,Bike,0
Car_1203.jpeg,Car,1
Car_781.jpeg,Car,1
Car_775.jpeg,Car,1
Bike_389.jpeg,Bike,0
Car_1940.jpeg,Car,1
Bike_143.jpeg,Bike,0
Car_1190.jpeg,Car,1
Bike_305.jpeg,Bike,0
Bike_939.jpeg,Bike,0
Car_232.jpeg,Car,1
Car_1857.jpeg,Car,1
Bike_967.jpeg,Bike,0
Car_44.jpeg,Car,1
Bike_1897.jpeg,Bike,0
Car_738.jpeg,Car,1
Bike_694.jpeg,Bike,0
Car_1963.jpeg,Car,1
Car_616.jpeg,Car,1
Bike_1206.jpeg,Bike,0
Bike_460.jpeg,Bike,0
Car_1845.jpeg,Car,1
Car_244.jpeg,Car,1
Bike_1254.jpeg,Bike,0
Bike_247.jpeg,Bike,0
Bike_505.jpeg,Bike,0
Car_253.jpeg,Car,1
Bike_1682.jpeg,Bike,0
Bike_417.jpeg,Bike,0
Bike_253.jpeg,Bike,0
Bike_484.jpeg,Bike,0
Car_215.jpeg,Car,1
Car_639.jpeg,Car,1
Bike_27.jpeg,Bike,0
Car_304.jpeg,Car,1
Car_21.jpeg,Car,1
Car_1882.jpeg,Car,1
Bike_1169.jpeg,Bike,0
Car_1405.jpeg,Car,1
Car_851.jpeg,Car,1
Car_1286.jpeg,Car,1
Bike_1124.jpeg,Bike,0
Car_336.jpeg,Car,1
Car_1744.jpeg,Car,1
Bike_1599.jpeg,Bike,0
Car_743.jpeg,Car,1
Car_398.jpeg,Car,1
Car_1868.jpeg,Car,1
Car_1635.jpeg,Car,1
Bike_1275.jpeg,Bike,0
Bike_753.jpeg,Bike,0
Bike_733.jpeg,Bike,0
Car_598.jpeg,Car,1
Car_830.jpeg,Car,1
Car_1960.jpeg,Car,1
Car_1016.jpeg,Car,1
Bike_43.jpeg,Bike,0
Car_438.jpeg,Car,1
Bike_18.jpeg,Bike,0
Bike_569.jpeg,Bike,0
Car_1054.jpeg,Car,1
Bike_625.jpeg,Bike,0
Bike_1527.jpeg,Bike,0
Bike_1362.jpeg,Bike,0
Car_1745.jpeg,Car,1
Car_661.jpeg,Car,1
Car_1216.jpeg,Car,1
Car_1024.jpeg,Car,1
Car_1344.jpeg,Car,1
Car_1864.jpeg,Car,1
Car_564.jpeg,Car,1
Bike_1427.jpeg,Bike,0
Bike_485.jpeg,Bike,0
Car_1015.jpeg,Car,1
Car_470.jpeg,Car,1
Car_769.jpeg,Car,1
Car_436.jpeg,Car,1
Car_1229.jpeg,Car,1
Bike_1518.jpeg,Bike,0
Car_1973.jpeg,Car,1
Bike_1974.jpeg,Bike,0
Bike_969.jpeg,Bike,0
Car_1663.jpeg,Car,1
Car_670.jpeg,Car,1
Car_1647.jpeg,Car,1
Car_1236.jpeg,Car,1
Car_204.jpeg,Car,1
Bike_1442.jpeg,Bike,0
Bike_1793.jpeg,Bike,0
Car_1685.jpeg,Car,1
Car_1467.jpeg,Car,1
Car_1196.jpeg,Car,1
Bike_862.jpeg,Bike,0
Car_885.jpeg,Car,1
Bike_724.jpeg,Bike,0
Bike_324.jpeg,Bike,0
Bike_1888.jpeg,Bike,0
Car_1707.jpeg,Car,1
Car_951.jpeg,Car,1
Bike_1270.jpeg,Bike,0
Car_1718.jpeg,Car,1
Car_1195.jpeg,Car,1
Bike_1598.jpeg,Bike,0
Bike_47.jpeg,Bike,0
Car_1747.jpeg,Car,1
Bike_231.jpeg,Bike,0
Car_1567.jpeg,Car,1
Car_1269.jpeg,Car,1
Car_369.jpeg,Car,1
Bike_286.jpeg,Bike,0
Car_1776.jpeg,Car,1
Car_1009.jpeg,Car,1
Car_135.jpeg,Car,1
Bike_1109.jpeg,Bike,0
Bike_1403.jpeg,Bike,0
Car_141.jpeg,Car,1
Car_981.jpeg,Car,1
Bike_275.jpeg,Bike,0
Car_1280.jpeg,Car,1
Car_702.jpeg,Car,1
Car_1990.jpeg,Car,1
Car_49.jpeg,Car,1
Car_1805.jpeg,Car,1
Bike_96.jpeg,Bike,0
Bike_407.jpeg,Bike,0
Bike_130.jpeg,Bike,0
Car_494.jpeg,Car,1
Car_773.jpeg,Car,1
Bike_498.jpeg,Bike,0
Car_975.jpeg,Car,1
Bike_786.jpeg,Bike,0
Bike_787.jpeg,Bike,0
Bike_668.jpeg,Bike,0
Bike_684.jpeg,Bike,0
Bike_1364.jpeg,Bike,0
Bike_1236.jpeg,Bike,0
Car_239.jpeg,Car,1
Bike_1248.jpeg,Bike,0
Bike_1431.jpeg,Bike,0
Bike_1061.jpeg,Bike,0
Car_1504.jpeg,Car,1
Car_1092.jpeg,Car,1
Car_765.jpeg,Car,1
Bike_1066.jpeg,Bike,0
Bike_523.jpeg,Bike,0
Car_1373.jpeg,Car,1
Car_228.jpeg,Car,1
Bike_1080.jpeg,Bike,0
Bike_225.jpeg,Bike,0
Bike_584.jpeg,Bike,0
Car_1000.jpeg,Car,1
Bike_673.jpeg,Bike,0
Bike_1083.jpeg,Bike,0
Car_1897.jpeg,Car,1
Bike_1001.jpeg,Bike,0
Bike_978.jpeg,Bike,0
Car_971.jpeg,Car,1
Bike_456.jpeg,Bike,0
Car_1080.jpeg,Car,1
Bike_1480.jpeg,Bike,0
Bike_1302.jpeg,Bike,0
Bike_655.jpeg,Bike,0
Bike_182.jpeg,Bike,0
Car_1301.jpeg,Car,1
Car_1928.jpeg,Car,1
Bike_378.jpeg,Bike,0
Bike_1396.jpeg,Bike,0
Car_1538.jpeg,Car,1
Bike_148.jpeg,Bike,0
Car_1466.jpeg,Car,1
Bike_380.jpeg,Bike,0
Car_188.jpeg,Car,1
Bike_1559.jpeg,Bike,0
Car_1169.jpeg,Car,1
Bike_1679.jpeg,Bike,0
Bike_1626.jpeg,Bike,0
Car_36.jpeg,Car,1
Car_900.jpeg,Car,1
Car_364.jpeg,Car,1
Bike_98.jpeg,Bike,0
Bike_529.jpeg,Bike,0
Car_1681.jpeg,Car,1
Car_1953.jpeg,Car,1
Car_857.jpeg,Car,1
Bike_1728.jpeg,Bike,0
Car_1533.jpeg,Car,1
Bike_33.jpeg,Bike,0
Car_1160.jpeg,Car,1
Bike_1694.jpeg,Bike,0
Car_1419.jpeg,Car,1
Bike_1328.jpeg,Bike,0
Car_518.jpeg,Car,1
Bike_602.jpeg,Bike,0
Car_977.jpeg,Car,1
Bike_759.jpeg,Bike,0
Car_1962.jpeg,Car,1
Car_456.jpeg,Car,1
Bike_300.jpeg,Bike,0
Bike_613.jpeg,Bike,0
Bike_1283.jpeg,Bike,0
Bike_1208.jpeg,Bike,0
Car_252.jpeg,Car,1
Bike_318.jpeg,Bike,0
Bike_1082.jpeg,Bike,0
Bike_282.jpeg,Bike,0
Car_871.jpeg,Car,1
Bike_145.jpeg,Bike,0
Bike_1242.jpeg,Bike,0
Bike_1092.jpeg,Bike,0
Car_858.jpeg,Car,1
Bike_61.jpeg,Bike,0
Car_1503.jpeg,Car,1
Car_351.jpeg,Car,1
Car_519.jpeg,Car,1
Car_599.jpeg,Car,1
Bike_1393.jpeg,Bike,0
Car_1717.jpeg,Car,1
Car_1955.jpeg,Car,1
Car_1227.jpeg,Car,1
Bike_374.jpeg,Bike,0
Car_2.jpeg,Car,1
Car_753.jpeg,Car,1
Bike_1611.jpeg,Bike,0
Bike_851.jpeg,Bike,0
Car_527.jpeg,Car,1
Bike_426.jpeg,Bike,0
Car_1497.jpeg,Car,1
Car_373.jpeg,Car,1
Bike_1219.jpeg,Bike,0
Car_119.jpeg,Car,1
Bike_1979.jpeg,Bike,0
Bike_442.jpeg,Bike,0
Car_1495.jpeg,Car,1
Bike_971.jpeg,Bike,0
Bike_1234.jpeg,Bike,0
Car_428.jpeg,Car,1
Bike_1605.jpeg,Bike,0
Bike_988.jpeg,Bike,0
Bike_1760.jpeg,Bike,0
Car_111.jpeg,Car,1
Car_269.jpeg,Car,1
Bike_1927.jpeg,Bike,0
Car_1838.jpeg,Car,1
Bike_1545.jpeg,Bike,0
Car_855.jpeg,Car,1
Bike_669.jpeg,Bike,0
Car_997.jpeg,Car,1
Bike_1435.jpeg,Bike,0
Bike_1882.jpeg,Bike,0
Car_1239.jpeg,Car,1
Car_562.jpeg,Car,1
Car_1569.jpeg,Car,1
Bike_1820.jpeg,Bike,0
Bike_29.jpeg,Bike,0
Bike_78.jpeg,Bike,0
Bike_1303.jpeg,Bike,0
Bike_153.jpeg,Bike,0
Car_1068.jpeg,Car,1
Car_190.jpeg,Car,1
Bike_73.jpeg,Bike,0
Bike_1735.jpeg,Bike,0
Car_1389.jpeg,Car,1
Bike_705.jpeg,Bike,0
Car_1192.jpeg,Car,1
Car_1541.jpeg,Car,1
Bike_71.jpeg,Bike,0
Car_567.jpeg,Car,1
Bike_226.jpeg,Bike,0
Car_205.jpeg,Car,1
Car_1365.jpeg,Car,1
Car_1263.jpeg,Car,1
Bike_1874.jpeg,Bike,0
Car_1366.jpeg,Car,1
Car_1526.jpeg,Car,1
Bike_1256.jpeg,Bike,0
Bike_1478.jpeg,Bike,0
Bike_490.jpeg,Bike,0
Bike_718.jpeg,Bike,0
Car_1047.jpeg,Car,1
Car_1454.jpeg,Car,1
Car_764.jpeg,Car,1
Car_1561.jpeg,Car,1
Car_777.jpeg,Car,1
Bike_1510.jpeg,Bike,0
Bike_1667.jpeg,Bike,0
Bike_1624.jpeg,Bike,0
Bike_929.jpeg,Bike,0
Bike_797.jpeg,Bike,0
Bike_1404.jpeg,Bike,0
Bike_822.jpeg,Bike,0
Car_1108.jpeg,Car,1
Bike_292.jpeg,Bike,0
Bike_599.jpeg,Bike,0
Bike_758.jpeg,Bike,0
Car_751.jpeg,Car,1
Car_850.jpeg,Car,1
Car_1151.jpeg,Car,1
Car_1222.jpeg,Car,1
Bike_1713.jpeg,Bike,0
Car_540.jpeg,Car,1
Car_1863.jpeg,Car,1
Bike_946.jpeg,Bike,0
Bike_604.jpeg,Bike,0
Car_1161.jpeg,Car,1
Bike_1195.jpeg,Bike,0
Car_236.jpeg,Car,1
Car_629.jpeg,Car,1
Car_1001.jpeg,Car,1
Bike_1566.jpeg,Bike,0
Bike_175.jpeg,Bike,0
Car_1920.jpeg,Car,1
Car_1129.jpeg,Car,1
Car_276.jpeg,Car,1
Bike_272.jpeg,Bike,0
Car_1611.jpeg,Car,1
Bike_26.jpeg,Bike,0
Bike_186.jpeg,Bike,0
Car_1735.jpeg,Car,1
Bike_1201.jpeg,Bike,0
Bike_842.jpeg,Bike,0
Bike_301.jpeg,Bike,0
Car_223.jpeg,Car,1
Car_117.jpeg,Car,1
Bike_792.jpeg,Bike,0
Car_57.jpeg,Car,1
Bike_1782.jpeg,Bike,0
Bike_814.jpeg,Bike,0
Car_331.jpeg,Car,1
Bike_1511.jpeg,Bike,0
Car_1041.jpeg,Car,1
Car_667.jpeg,Car,1
Car_976.jpeg,Car,1
Bike_798.jpeg,Bike,0
Bike_106.jpeg,Bike,0
Car_1233.jpeg,Car,1
Car_546.jpeg,Car,1
Car_325.jpeg,Car,1
Bike_411.jpeg,Bike,0
Car_907.jpeg,Car,1
Bike_902.jpeg,Bike,0
Bike_1658.jpeg,Bike,0
Bike_1849.jpeg,Bike,0
Car_1084.jpeg,Car,1
Bike_1326.jpeg,Bike,0
Bike_954.jpeg,Bike,0
Bike_750.jpeg,Bike,0
Car_1095.jpeg,Car,1
Bike_10.jpeg,Bike,0
Car_42.jpeg,Car,1
Car_645.jpeg,Car,1
Bike_192.jpeg,Bike,0
Car_1097.jpeg,Car,1
Car_1256.jpeg,Car,1
Bike_1016.jpeg,Bike,0
Car_1314.jpeg,Car,1
Bike_992.jpeg,Bike,0
Car_1450.jpeg,Car,1
Bike_1010.jpeg,Bike,0
Bike_1274.jpeg,Bike,0
Car_1903.jpeg,Car,1
Car_233.jpeg,Car,1
Bike_1462.jpeg,Bike,0
Car_596.jpeg,Car,1
Car_348.jpeg,Car,1
Bike_171.jpeg,Bike,0
Car_192.jpeg,Car,1
Car_1311.jpeg,Car,1
Car_1999.jpeg,Car,1
Car_1984.jpeg,Car,1
Bike_564.jpeg,Bike,0
Car_1370.jpeg,Car,1
Bike_812.jpeg,Bike,0
Bike_1661.jpeg,Bike,0
Bike_1255.jpeg,Bike,0
Bike_1634.jpeg,Bike,0
Car_1519.jpeg,Car,1
Bike_876.jpeg,Bike,0
Car_1885.jpeg,Car,1
Bike_342.jpeg,Bike,0
Bike_562.jpeg,Bike,0
Bike_1833.jpeg,Bike,0
Bike_1636.jpeg,Bike,0
Car_413.jpeg,Car,1
Bike_1475.jpeg,Bike,0
Bike_539.jpeg,Bike,0
Car_1637.jpeg,Car,1
Bike_221.jpeg,Bike,0
Car_982.jpeg,Car,1
Bike_903.jpeg,Bike,0
Bike_1095.jpeg,Bike,0
Car_1869.jpeg,Car,1
Bike_7.jpeg,Bike,0
Bike_454.jpeg,Bike,0
Car_586.jpeg,Car,1
Bike_1754.jpeg,Bike,0
Bike_1232.jpeg,Bike,0
Car_283.jpeg,Car,1
Bike_1454.jpeg,Bike,0
Car_1675.jpeg,Car,1
Bike_1240.jpeg,Bike,0
Car_760.jpeg,Car,1
Car_714.jpeg,Car,1
Car_984.jpeg,Car,1
Car_457.jpeg,Car,1
Bike_1440.jpeg,Bike,0
Bike_506.jpeg,Bike,0
Bike_1871.jpeg,Bike,0
Car_1646.jpeg,Car,1
Bike_327.jpeg,Bike,0
Car_646.jpeg,Car,1
Car_868.jpeg,Car,1
Bike_1948.jpeg,Bike,0
Bike_847.jpeg,Bike,0
Car_1553.jpeg,Car,1
Car_1839.jpeg,Car,1
Car_1846.jpeg,Car,1
Bike_30.jpeg,Bike,0
Bike_1934.jpeg,Bike,0
Bike_1214.jpeg,Bike,0
Bike_696.jpeg,Bike,0
Car_1650.jpeg,Car,1
Car_636.jpeg,Car,1
Bike_580.jpeg,Bike,0
Car_1508.jpeg,Car,1
Bike_1338.jpeg,Bike,0
Car_390.jpeg,Car,1
Car_891.jpeg,Car,1
Car_1560.jpeg,Car,1
Car_313.jpeg,Car,1
Bike_1471.jpeg,Bike,0
Car_290.jpeg,Car,1
Bike_1191.jpeg,Bike,0
Car_737.jpeg,Car,1
Car_1987.jpeg,Car,1
Bike_449.jpeg,Bike,0
Car_1671.jpeg,Car,1
Car_1444.jpeg,Car,1
Car_1300.jpeg,Car,1
Car_1021.jpeg,Car,1
Car_335.jpeg,Car,1
Car_1266.jpeg,Car,1
Bike_732.jpeg,Bike,0
Bike_1733.jpeg,Bike,0
Car_1733.jpeg,Car,1
Car_37.jpeg,Car,1
Car_1135.jpeg,Car,1
Bike_1025.jpeg,Bike,0
Bike_1260.jpeg,Bike,0
Car_902.jpeg,Car,1
Car_1388.jpeg,Car,1
Bike_1707.jpeg,Bike,0
Car_474.jpeg,Car,1
Car_1951.jpeg,Car,1
Car_1858.jpeg,Car,1
Car_306.jpeg,Car,1
Bike_991.jpeg,Bike,0
Bike_499.jpeg,Bike,0
Bike_1004.jpeg,Bike,0
Bike_816.jpeg,Bike,0
Car_1381.jpeg,Car,1
Car_694.jpeg,Car,1
Bike_1737.jpeg,Bike,0
Bike_1226.jpeg,Bike,0
Bike_1119.jpeg,Bike,0
Bike_60.jpeg,Bike,0
Bike_50.jpeg,Bike,0
Car_410.jpeg,Car,1
Car_651.jpeg,Car,1
Bike_1030.jpeg,Bike,0
Car_1971.jpeg,Car,1
Car_1358.jpeg,Car,1
Car_898.jpeg,Car,1
Car_1438.jpeg,Car,1
Bike_1367.jpeg,Bike,0
Car_1799.jpeg,Car,1
Car_905.jpeg,Car,1
Bike_1869.jpeg,Bike,0
Bike_1507.jpeg,Bike,0
Bike_1845.jpeg,Bike,0
Car_448.jpeg,Car,1
Car_698.jpeg,Car,1
Bike_1166.jpeg,Bike,0
Car_1967.jpeg,Car,1
Bike_1663.jpeg,Bike,0
Bike_1050.jpeg,Bike,0
Bike_1684.jpeg,Bike,0
Car_235.jpeg,Car,1
Bike_964.jpeg,Bike,0
Car_1414.jpeg,Car,1
Bike_715.jpeg,Bike,0
Bike_1747.jpeg,Bike,0
Bike_1349.jpeg,Bike,0
Car_1981.jpeg,Car,1
Car_499.jpeg,Car,1
Car_172.jpeg,Car,1
Car_928.jpeg,Car,1
Bike_1062.jpeg,Bike,0
Car_1554.jpeg,Car,1
Bike_782.jpeg,Bike,0
Bike_102.jpeg,Bike,0
Car_1982.jpeg,Car,1
Bike_1652.jpeg,Bike,0
Car_16.jpeg,Car,1
Car_594.jpeg,Car,1
Car_1134.jpeg,Car,1
Bike_811.jpeg,Bike,0
Car_1185.jpeg,Car,1
Bike_639.jpeg,Bike,0
Bike_1388.jpeg,Bike,0
Bike_940.jpeg,Bike,0
Car_492.jpeg,Car,1
Car_359.jpeg,Car,1
Bike_167.jpeg,Bike,0
Bike_1933.jpeg,Bike,0
Car_1278.jpeg,Car,1
Bike_779.jpeg,Bike,0
Car_341.jpeg,Car,1
Car_609.jpeg,Car,1
Bike_951.jpeg,Bike,0
Bike_348.jpeg,Bike,0
Car_301.jpeg,Car,1
Car_6.jpeg,Car,1
Car_615.jpeg,Car,1
Bike_121.jpeg,Bike,0
Car_1501.jpeg,Car,1
Car_674.jpeg,Car,1
Bike_1198.jpeg,Bike,0
Car_1862.jpeg,Car,1
Bike_1331.jpeg,Bike,0
Car_745.jpeg,Car,1
Car_339.jpeg,Car,1
Car_298.jpeg,Car,1
Car_1916.jpeg,Car,1
Bike_1645.jpeg,Bike,0
Car_482.jpeg,Car,1
Car_46.jpeg,Car,1
Car_1096.jpeg,Car,1
Car_999.jpeg,Car,1
Bike_1777.jpeg,Bike,0
Bike_754.jpeg,Bike,0
Car_1396.jpeg,Car,1
Car_133.jpeg,Car,1
Bike_598.jpeg,Bike,0
Car_217.jpeg,Car,1
Car_1672.jpeg,Car,1
Car_515.jpeg,Car,1
Car_1137.jpeg,Car,1
Bike_1692.jpeg,Bike,0
Car_1568.jpeg,Car,1
Bike_1327.jpeg,Bike,0
Bike_1020.jpeg,Bike,0
Bike_920.jpeg,Bike,0
Bike_826.jpeg,Bike,0
Car_222.jpeg,Car,1
Car_338.jpeg,Car,1
Bike_254.jpeg,Bike,0
Car_1734.jpeg,Car,1
Bike_1289.jpeg,Bike,0
Car_1841.jpeg,Car,1
Bike_1548.jpeg,Bike,0
Car_28.jpeg,Car,1
Car_583.jpeg,Car,1
Car_1078.jpeg,Car,1
Car_424.jpeg,Car,1
Car_1709.jpeg,Car,1
Bike_817.jpeg,Bike,0
Bike_960.jpeg,Bike,0
Car_20.jpeg,Car,1
Bike_1351.jpeg,Bike,0
Car_1441.jpeg,Car,1
Bike_355.jpeg,Bike,0
Bike_773.jpeg,Bike,0
Car_116.jpeg,Car,1
Car_576.jpeg,Car,1
Car_786.jpeg,Car,1
Car_867.jpeg,Car,1
Bike_1389.jpeg,Bike,0
Car_468.jpeg,Car,1
Bike_289.jpeg,Bike,0
Bike_361.jpeg,Bike,0
Car_295.jpeg,Car,1
Car_1418.jpeg,Car,1
Car_1781.jpeg,Car,1
Bike_1007.jpeg,Bike,0
Bike_169.jpeg,Bike,0
Car_1167.jpeg,Car,1
Car_1766.jpeg,Car,1
Car_1692.jpeg,Car,1
Car_1844.jpeg,Car,1
Car_1618.jpeg,Car,1
Bike_800.jpeg,Bike,0
Bike_357.jpeg,Bike,0
Car_906.jpeg,Car,1
Bike_1571.jpeg,Bike,0
Bike_871.jpeg,Bike,0
Bike_1188.jpeg,Bike,0
Car_139.jpeg,Car,1
Bike_1313.jpeg,Bike,0
Car_1252.jpeg,Car,1
Bike_883.jpeg,Bike,0
Bike_1285.jpeg,Bike,0
Car_1025.jpeg,Car,1
Bike_1802.jpeg,Bike,0
Car_923.jpeg,Car,1
Car_268.jpeg,Car,1
Bike_1369.jpeg,Bike,0
Car_372.jpeg,Car,1
Bike_307.jpeg,Bike,0
Car_1121.jpeg,Car,1
Bike_76.jpeg,Bike,0
Bike_1710.jpeg,Bike,0
Car_756.jpeg,Car,1
Car_1964.jpeg,Car,1
Bike_1486.jpeg,Bike,0
Car_1029.jpeg,Car,1
Bike_1951.jpeg,Bike,0
Bike_1723.jpeg,Bike,0
Bike_415.jpeg,Bike,0
Car_983.jpeg,Car,1
Car_1432.jpeg,Car,1
Bike_1798.jpeg,Bike,0
Bike_80.jpeg,Bike,0
Car_147.jpeg,Car,1
Bike_641.jpeg,Bike,0
Bike_1490.jpeg,Bike,0
Bike_1650.jpeg,Bike,0
Car_1325.jpeg,Car,1
Car_1702.jpeg,Car,1
Bike_1343.jpeg,Bike,0
Car_1737.jpeg,Car,1
Car_389.jpeg,Car,1
Bike_1984.jpeg,Bike,0
Bike_1776.jpeg,Bike,0
Bike_1023.jpeg,Bike,0
Bike_1167.jpeg,Bike,0
Bike_1540.jpeg,Bike,0
Car_211.jpeg,Car,1
Bike_306.jpeg,Bike,0
Car_523.jpeg,Car,1
Car_118.jpeg,Car,1
Car_878.jpeg,Car,1
Car_1139.jpeg,Car,1
Car_876.jpeg,Car,1
Bike_725.jpeg,Bike,0
Car_578.jpeg,Car,1
Bike_1554.jpeg,Bike,0
Car_895.jpeg,Car,1
Bike_92.jpeg,Bike,0
Bike_1323.jpeg,Bike,0
Bike_1047.jpeg,Bike,0
Bike_1281.jpeg,Bike,0
Car_969.jpeg,Car,1
Car_366.jpeg,Car,1
Bike_686.jpeg,Bike,0
Car_1112.jpeg,Car,1
Bike_704.jpeg,Bike,0
Bike_1339.jpeg,Bike,0
Car_579.jpeg,Car,1
Bike_391.jpeg,Bike,0
Car_362.jpeg,Car,1
Car_1739.jpeg,Car,1
Bike_1085.jpeg,Bike,0
Bike_601.jpeg,Bike,0
Car_286.jpeg,Car,1
Bike_693.jpeg,Bike,0
Bike_277.jpeg,Bike,0
Bike_1184.jpeg,Bike,0
Bike_1086.jpeg,Bike,0
Car_238.jpeg,Car,1
Car_1296.jpeg,Car,1
Bike_640.jpeg,Bike,0
Bike_294.jpeg,Bike,0
Car_642.jpeg,Car,1
Car_1603.jpeg,Car,1
Car_1076.jpeg,Car,1
Car_11.jpeg,Car,1
Bike_341.jpeg,Bike,0
Car_1359.jpeg,Car,1
Car_1931.jpeg,Car,1
Car_1592.jpeg,Car,1
Car_43.jpeg,Car,1
Car_273.jpeg,Car,1
Car_1453.jpeg,Car,1
Car_1351.jpeg,Car,1
Bike_1225.jpeg,Bike,0
Bike_1607.jpeg,Bike,0
Car_1355.jpeg,Car,1
Bike_589.jpeg,Bike,0
Car_1452.jpeg,Car,1
Car_1935.jpeg,Car,1
Car_1614.jpeg,Car,1
Bike_450.jpeg,Bike,0
Car_1288.jpeg,Car,1
Bike_1983.jpeg,Bike,0
Car_1942.jpeg,Car,1
Car_483.jpeg,Car,1
Car_1683.jpeg,Car,1
Car_585.jpeg,Car,1
Bike_1170.jpeg,Bike,0
Car_1950.jpeg,Car,1
Car_897.jpeg,Car,1
Bike_23.jpeg,Bike,0
Car_380.jpeg,Car,1
Car_1547.jpeg,Car,1
Bike_503.jpeg,Bike,0
Car_1762.jpeg,Car,1
Car_479.jpeg,Car,1
Car_487.jpeg,Car,1
Bike_1057.jpeg,Bike,0
Car_202.jpeg,Car,1
Car_1116.jpeg,Car,1
Bike_62.jpeg,Bike,0
Car_994.jpeg,Car,1
Bike_1771.jpeg,Bike,0
Car_275.jpeg,Car,1
Car_1165.jpeg,Car,1
Car_967.jpeg,Car,1
Bike_522.jpeg,Bike,0
Bike_979.jpeg,Bike,0
Bike_1919.jpeg,Bike,0
Car_1045.jpeg,Car,1
Car_506.jpeg,Car,1
Bike_1046.jpeg,Bike,0
Car_731.jpeg,Car,1
Bike_1695.jpeg,Bike,0
Bike_1762.jpeg,Bike,0
Bike_492.jpeg,Bike,0
Bike_315.jpeg,Bike,0
Bike_1643.jpeg,Bike,0
Bike_626.jpeg,Bike,0
Car_560.jpeg,Car,1
Bike_1774.jpeg,Bike,0
Bike_1925.jpeg,Bike,0
Bike_204.jpeg,Bike,0
Bike_553.jpeg,Bike,0
Car_899.jpeg,Car,1
Car_750.jpeg,Car,1
Bike_999.jpeg,Bike,0
Bike_1218.jpeg,Bike,0
Bike_1666.jpeg,Bike,0
Car_991.jpeg,Car,1
Bike_1935.jpeg,Bike,0
Bike_25.jpeg,Bike,0
Bike_1041.jpeg,Bike,0
Bike_1081.jpeg,Bike,0
Bike_1880.jpeg,Bike,0
Bike_128.jpeg,Bike,0
Bike_161.jpeg,Bike,0
Bike_890.jpeg,Bike,0
Car_1293.jpeg,Car,1
Car_517.jpeg,Car,1
Car_1181.jpeg,Car,1
Bike_1864.jpeg,Bike,0
Car_1215.jpeg,Car,1
Car_1260.jpeg,Car,1
Car_807.jpeg,Car,1
Bike_418.jpeg,Bike,0
Bike_1485.jpeg,Bike,0
Car_1104.jpeg,Car,1
Bike_1741.jpeg,Bike,0
Bike_1893.jpeg,Bike,0
Car_85.jpeg,Car,1
Bike_1348.jpeg,Bike,0
Bike_268.jpeg,Bike,0
Car_1448.jpeg,Car,1
Car_1959.jpeg,Car,1
Car_611.jpeg,Car,1
Bike_689.jpeg,Bike,0
Car_1736.jpeg,Car,1
Car_1337.jpeg,Car,1
Car_854.jpeg,Car,1
Car_218.jpeg,Car,1
Car_1905.jpeg,Car,1
Car_847.jpeg,Car,1
Bike_1923.jpeg,Bike,0
Car_607.jpeg,Car,1
Car_1403.jpeg,Car,1
Bike_264.jpeg,Bike,0
Car_1660.jpeg,Car,1
Bike_1950.jpeg,Bike,0
Car_1186.jpeg,Car,1
Bike_806.jpeg,Bike,0
Bike_55.jpeg,Bike,0
Bike_884.jpeg,Bike,0
Bike_1680.jpeg,Bike,0
Car_1339.jpeg,Car,1
Car_1148.jpeg,Car,1
Car_1437.jpeg,Car,1
Car_921.jpeg,Car,1
Bike_1842.jpeg,Bike,0
Bike_1823.jpeg,Bike,0
Bike_1287.jpeg,Bike,0
Bike_1970.jpeg,Bike,0
Car_1622.jpeg,Car,1
Car_1669.jpeg,Car,1
Car_1824.jpeg,Car,1
Bike_1696.jpeg,Bike,0
Car_778.jpeg,Car,1
Car_24.jpeg,Car,1
Bike_1903.jpeg,Bike,0
Bike_216.jpeg,Bike,0
Bike_650.jpeg,Bike,0
Car_30.jpeg,Car,1
Bike_1363.jpeg,Bike,0
Bike_1408.jpeg,Bike,0
Bike_343.jpeg,Bike,0
Car_1724.jpeg,Car,1
Bike_1432.jpeg,Bike,0
Car_320.jpeg,Car,1
Bike_1207.jpeg,Bike,0
Car_1274.jpeg,Car,1
Car_1456.jpeg,Car,1
Bike_1252.jpeg,Bike,0
Car_1624.jpeg,Car,1
Car_285.jpeg,Car,1
Bike_452.jpeg,Bike,0
Car_1785.jpeg,Car,1
Bike_662.jpeg,Bike,0
Car_1416.jpeg,Car,1
Bike_1922.jpeg,Bike,0
Car_1518.jpeg,Car,1
Car_924.jpeg,Car,1
Car_1795.jpeg,Car,1
Bike_968.jpeg,Bike,0
Bike_1464.jpeg,Bike,0
Car_1446.jpeg,Car,1
Car_1684.jpeg,Car,1
Bike_573.jpeg,Bike,0
Bike_1199.jpeg,Bike,0
Car_1241.jpeg,Car,1
Bike_1122.jpeg,Bike,0
Car_1421.jpeg,Car,1
Bike_1357.jpeg,Bike,0
Bike_470.jpeg,Bike,0
Car_1879.jpeg,Car,1
Car_799.jpeg,Car,1
Car_430.jpeg,Car,1
Car_149.jpeg,Car,1
Car_654.jpeg,Car,1
Car_890.jpeg,Car,1
Car_1714.jpeg,Car,1
Bike_913.jpeg,Bike,0
Bike_362.jpeg,Bike,0
Bike_1300.jpeg,Bike,0
Bike_416.jpeg,Bike,0
Bike_921.jpeg,Bike,0
Bike_879.jpeg,Bike,0
Bike_1853.jpeg,Bike,0
Bike_1972.jpeg,Bike,0
Car_1996.jpeg,Car,1
Car_1502.jpeg,Car,1
Car_896.jpeg,Car,1
Bike_1168.jpeg,Bike,0
Car_1408.jpeg,Car,1
Bike_227.jpeg,Bike,0
Bike_220.jpeg,Bike,0
Bike_926.jpeg,Bike,0
Car_1245.jpeg,Car,1
Bike_1101.jpeg,Bike,0
Bike_1690.jpeg,Bike,0
Car_86.jpeg,Car,1
Car_39.jpeg,Car,1
Car_853.jpeg,Car,1
Bike_436.jpeg,Bike,0
Car_38.jpeg,Car,1
Bike_615.jpeg,Bike,0
Car_447.jpeg,Car,1
Bike_1324.jpeg,Bike,0
Car_1057.jpeg,Car,1
Bike_329.jpeg,Bike,0
Bike_1273.jpeg,Bike,0
Car_708.jpeg,Car,1
Bike_1780.jpeg,Bike,0
Bike_1907.jpeg,Bike,0
Car_493.jpeg,Car,1
Car_793.jpeg,Car,1
Car_1867.jpeg,Car,1
Bike_1186.jpeg,Bike,0
Bike_1193.jpeg,Bike,0
Car_1397.jpeg,Car,1
Bike_1250.jpeg,Bike,0
Car_1794.jpeg,Car,1
Car_1132.jpeg,Car,1
Car_1357.jpeg,Car,1
Bike_1497.jpeg,Bike,0
Bike_1891.jpeg,Bike,0
Bike_1538.jpeg,Bike,0
Bike_1938.jpeg,Bike,0
Bike_1727.jpeg,Bike,0
Bike_1685.jpeg,Bike,0
Bike_1936.jpeg,Bike,0
Car_257.jpeg,Car,1
Car_166.jpeg,Car,1
Car_277.jpeg,Car,1
Car_443.jpeg,Car,1
Car_810.jpeg,Car,1
Car_1830.jpeg,Car,1
Bike_533.jpeg,Bike,0
Bike_1353.jpeg,Bike,0
Bike_1307.jpeg,Bike,0
Car_1721.jpeg,Car,1
Car_1636.jpeg,Car,1
Bike_241.jpeg,Bike,0
Bike_746.jpeg,Bike,0
Bike_865.jpeg,Bike,0
Bike_166.jpeg,Bike,0
Bike_720.jpeg,Bike,0
Bike_770.jpeg,Bike,0
Bike_1182.jpeg,Bike,0
Car_466.jpeg,Car,1
Car_243.jpeg,Car,1
Car_1409.jpeg,Car,1
Bike_463.jpeg,Bike,0
Car_1491.jpeg,Car,1
Car_1297.jpeg,Car,1
Car_77.jpeg,Car,1
Car_75.jpeg,Car,1
Bike_743.jpeg,Bike,0
Bike_114.jpeg,Bike,0
Car_1213.jpeg,Car,1
Bike_544.jpeg,Bike,0
Bike_793.jpeg,Bike,0
Car_170.jpeg,Car,1
Car_1926.jpeg,Car,1
Car_266.jpeg,Car,1
Car_1711.jpeg,Car,1
Bike_1280.jpeg,Bike,0
Car_635.jpeg,Car,1
Bike_1941.jpeg,Bike,0
Car_626.jpeg,Car,1
Bike_1372.jpeg,Bike,0
Car_1813.jpeg,Car,1
Bike_1698.jpeg,Bike,0
Bike_1026.jpeg,Bike,0
Car_719.jpeg,Car,1
Car_1042.jpeg,Car,1
Car_412.jpeg,Car,1
Bike_945.jpeg,Bike,0
Bike_952.jpeg,Bike,0
Bike_48.jpeg,Bike,0
Bike_480.jpeg,Bike,0
Bike_1773.jpeg,Bike,0
Bike_494.jpeg,Bike,0
Car_1628.jpeg,Car,1
Bike_898.jpeg,Bike,0
Car_833.jpeg,Car,1
Bike_419.jpeg,Bike,0
Bike_214.jpeg,Bike,0
Bike_279.jpeg,Bike,0
Car_357.jpeg,Car,1
Car_1027.jpeg,Car,1
Car_608.jpeg,Car,1
Car_379.jpeg,Car,1
Bike_742.jpeg,Bike,0
Car_1796.jpeg,Car,1
Bike_794.jpeg,Bike,0
Bike_198.jpeg,Bike,0
Car_641.jpeg,Car,1
Bike_24.jpeg,Bike,0
Bike_1855.jpeg,Bike,0
Car_1543.jpeg,Car,1
Car_1022.jpeg,Car,1
Car_96.jpeg,Car,1
Bike_1763.jpeg,Bike,0
Bike_117.jpeg,Bike,0
Car_462.jpeg,Car,1
Car_319.jpeg,Car,1
Bike_212.jpeg,Bike,0
Car_963.jpeg,Car,1
Car_1580.jpeg,Car,1
Car_603.jpeg,Car,1
Bike_1060.jpeg,Bike,0
Car_1012.jpeg,Car,1
Bike_1921.jpeg,Bike,0
Bike_1424.jpeg,Bike,0
Bike_835.jpeg,Bike,0
Bike_1990.jpeg,Bike,0
Car_321.jpeg,Car,1
Car_189.jpeg,Car,1
Car_1966.jpeg,Car,1
Bike_1706.jpeg,Bike,0
Car_1738.jpeg,Car,1
Car_922.jpeg,Car,1
Car_845.jpeg,Car,1
Bike_795.jpeg,Bike,0
Car_1873.jpeg,Car,1
Car_1751.jpeg,Car,1
Bike_222.jpeg,Bike,0
Bike_393.jpeg,Bike,0
Car_1230.jpeg,Car,1
Car_1218.jpeg,Car,1
Car_480.jpeg,Car,1
Bike_1505.jpeg,Bike,0
Car_622.jpeg,Car,1
Bike_1819.jpeg,Bike,0
Bike_1466.jpeg,Bike,0
Bike_131.jpeg,Bike,0
Car_1290.jpeg,Car,1
Car_1086.jpeg,Car,1
Car_388.jpeg,Car,1
Car_1798.jpeg,Car,1
Bike_1154.jpeg,Bike,0
Bike_1105.jpeg,Bike,0
Bike_263.jpeg,Bike,0
Bike_1087.jpeg,Bike,0
Car_446.jpeg,Car,1
Bike_260.jpeg,Bike,0
Car_291.jpeg,Car,1
Bike_1963.jpeg,Bike,0
Bike_1567.jpeg,Bike,0
Car_1831.jpeg,Car,1
Car_554.jpeg,Car,1
Bike_809.jpeg,Bike,0
Car_679.jpeg,Car,1
Bike_867.jpeg,Bike,0
Bike_540.jpeg,Bike,0
Car_1249.jpeg,Car,1
Car_225.jpeg,Car,1
Car_451.jpeg,Car,1
Car_1772.jpeg,Car,1
Bike_441.jpeg,Bike,0
Car_744.jpeg,Car,1
Car_1013.jpeg,Car,1
Bike_674.jpeg,Bike,0
Car_1310.jpeg,Car,1
Bike_1301.jpeg,Bike,0
Bike_633.jpeg,Bike,0
Bike_1356.jpeg,Bike,0
Bike_1750.jpeg,Bike,0
Car_356.jpeg,Car,1
Bike_82.jpeg,Bike,0
Car_1833.jpeg,Car,1
Bike_1333.jpeg,Bike,0
Bike_1956.jpeg,Bike,0
Bike_1641.jpeg,Bike,0
Car_1198.jpeg,Car,1
Car_1985.jpeg,Car,1
Car_957.jpeg,Car,1
Bike_974.jpeg,Bike,0
Bike_1715.jpeg,Bike,0
Car_648.jpeg,Car,1
Bike_1106.jpeg,Bike,0
Bike_614.jpeg,Bike,0
Car_1695.jpeg,Car,1
Car_780.jpeg,Car,1
Bike_288.jpeg,Bike,0
Bike_278.jpeg,Bike,0
Bike_157.jpeg,Bike,0
Car_1918.jpeg,Car,1
Car_1507.jpeg,Car,1
Bike_1116.jpeg,Bike,0
Car_656.jpeg,Car,1
Bike_1910.jpeg,Bike,0
Car_1468.jpeg,Car,1
Car_1052.jpeg,Car,1
Bike_1028.jpeg,Bike,0
Bike_0.jpeg,Bike,0
Bike_1770.jpeg,Bike,0
Bike_44.jpeg,Bike,0
Car_1537.jpeg,Car,1
Car_289.jpeg,Car,1
Car_575.jpeg,Car,1
Car_1158.jpeg,Car,1
Car_146.jpeg,Car,1
Car_184.jpeg,Car,1
Car_837.jpeg,Car,1
Bike_644.jpeg,Bike,0
Bike_982.jpeg,Bike,0
Bike_434.jpeg,Bike,0
Car_988.jpeg,Car,1
Bike_1942.jpeg,Bike,0
Car_361.jpeg,Car,1
Car_814.jpeg,Car,1
Bike_339.jpeg,Bike,0
Bike_1958.jpeg,Bike,0
Car_1440.jpeg,Car,1
Bike_1477.jpeg,Bike,0
Bike_284.jpeg,Bike,0
Car_1494.jpeg,Car,1
Car_1074.jpeg,Car,1
Bike_757.jpeg,Bike,0
Bike_875.jpeg,Bike,0
Bike_972.jpeg,Bike,0
Bike_1148.jpeg,Bike,0
Bike_849.jpeg,Bike,0
Bike_1036.jpeg,Bike,0
Car_1176.jpeg,Car,1
Car_640.jpeg,Car,1
Car_467.jpeg,Car,1
Car_809.jpeg,Car,1
Bike_1054.jpeg,Bike,0
Car_1759.jpeg,Car,1
Car_1620.jpeg,Car,1
Bike_502.jpeg,Bike,0
Car_485.jpeg,Car,1
Car_947.jpeg,Car,1
Car_953.jpeg,Car,1
Bike_1572.jpeg,Bike,0
Car_1801.jpeg,Car,1
Bike_1945.jpeg,Bike,0
Bike_345.jpeg,Bike,0
Bike_58.jpeg,Bike,0
Car_267.jpeg,Car,1
Bike_595.jpeg,Bike,0
Bike_1504.jpeg,Bike,0
Car_754.jpeg,Car,1
Car_682.jpeg,Car,1
Bike_535.jpeg,Bike,0
Bike_483.jpeg,Bike,0
Car_65.jpeg,Car,1
Car_1843.jpeg,Car,1
Car_1764.jpeg,Car,1
Bike_521.jpeg,Bike,0
Bike_1426.jpeg,Bike,0
Bike_414.jpeg,Bike,0
Bike_1944.jpeg,Bike,0
Bike_873.jpeg,Bike,0
Bike_1220.jpeg,Bike,0
Car_671.jpeg,Car,1
Bike_1233.jpeg,Bike,0
Car_455.jpeg,Car,1
Car_734.jpeg,Car,1
Bike_855.jpeg,Bike,0
Bike_1265.jpeg,Bike,0
Bike_1946.jpeg,Bike,0
Bike_699.jpeg,Bike,0
Car_1372.jpeg,Car,1
Car_1224.jpeg,Car,1
Car_1130.jpeg,Car,1
Bike_1409.jpeg,Bike,0
Bike_1045.jpeg,Bike,0
Car_1648.jpeg,Car,1
Car_224.jpeg,Car,1
Bike_335.jpeg,Bike,0
Car_1318.jpeg,Car,1
Bike_1149.jpeg,Bike,0
Car_324.jpeg,Car,1
Car_657.jpeg,Car,1
Bike_517.jpeg,Bike,0
Car_1472.jpeg,Car,1
Bike_739.jpeg,Bike,0
Car_1498.jpeg,Car,1
Car_1382.jpeg,Car,1
Bike_1980.jpeg,Bike,0
Bike_257.jpeg,Bike,0
Bike_1498.jpeg,Bike,0
Bike_246.jpeg,Bike,0
Car_1276.jpeg,Car,1
Car_1487.jpeg,Car,1
Car_1855.jpeg,Car,1
Car_1994.jpeg,Car,1
Bike_936.jpeg,Bike,0
Car_1536.jpeg,Car,1
Bike_1890.jpeg,Bike,0
Bike_215.jpeg,Bike,0
Car_972.jpeg,Car,1
Car_131.jpeg,Car,1
Car_869.jpeg,Car,1
Bike_937.jpeg,Bike,0
Bike_577.jpeg,Bike,0
Car_678.jpeg,Car,1
Bike_45.jpeg,Bike,0
Car_1664.jpeg,Car,1
Bike_323.jpeg,Bike,0
Bike_1555.jpeg,Bike,0
Bike_1147.jpeg,Bike,0
Bike_1954.jpeg,Bike,0
Car_342.jpeg,Car,1
Car_115.jpeg,Car,1
Bike_1055.jpeg,Bike,0
Car_103.jpeg,Car,1
Bike_1084.jpeg,Bike,0
Bike_935.jpeg,Bike,0
Car_710.jpeg,Car,1
Car_1295.jpeg,Car,1
Bike_1887.jpeg,Bike,0
Car_520.jpeg,Car,1
Car_1965.jpeg,Car,1
Car_33.jpeg,Car,1
Car_1674.jpeg,Car,1
Car_208.jpeg,Car,1
Bike_1314.jpeg,Bike,0
Bike_1308.jpeg,Bike,0
Bike_1726.jpeg,Bike,0
Car_1228.jpeg,Car,1
Bike_1630.jpeg,Bike,0
Bike_736.jpeg,Bike,0
Bike_360.jpeg,Bike,0
Car_1043.jpeg,Car,1
Car_1209.jpeg,Car,1
Car_558.jpeg,Car,1
Bike_1729.jpeg,Bike,0
Bike_1488.jpeg,Bike,0
Bike_68.jpeg,Bike,0
Bike_1103.jpeg,Bike,0
Car_1217.jpeg,Car,1
Car_1309.jpeg,Car,1
Car_310.jpeg,Car,1
Bike_1633.jpeg,Bike,0
Bike_1520.jpeg,Bike,0
Bike_1902.jpeg,Bike,0
Car_417.jpeg,Car,1
Car_549.jpeg,Car,1
Bike_638.jpeg,Bike,0
Bike_1027.jpeg,Bike,0
Car_838.jpeg,Car,1
Car_355.jpeg,Car,1
Car_1836.jpeg,Car,1
Car_788.jpeg,Car,1
Bike_386.jpeg,Bike,0
Car_1780.jpeg,Car,1
Bike_134.jpeg,Bike,0
Car_160.jpeg,Car,1
Car_620.jpeg,Car,1
Bike_570.jpeg,Bike,0
Bike_1596.jpeg,Bike,0
Bike_347.jpeg,Bike,0
Car_18.jpeg,Car,1
Car_1774.jpeg,Car,1
Bike_592.jpeg,Bike,0
Car_1770.jpeg,Car,1
Bike_1834.jpeg,Bike,0
Bike_1648.jpeg,Bike,0
Bike_238.jpeg,Bike,0
Bike_1654.jpeg,Bike,0
Bike_620.jpeg,Bike,0
Bike_15.jpeg,Bike,0
Car_1972.jpeg,Car,1
Bike_1476.jpeg,Bike,0
Bike_1450.jpeg,Bike,0
Car_1896.jpeg,Car,1
Bike_1385.jpeg,Bike,0
Car_1513.jpeg,Car,1
Car_553.jpeg,Car,1
Bike_1438.jpeg,Bike,0
Bike_1678.jpeg,Bike,0
Bike_1657.jpeg,Bike,0
Car_829.jpeg,Car,1
Car_500.jpeg,Car,1
Bike_1190.jpeg,Bike,0
Bike_1753.jpeg,Bike,0
Bike_780.jpeg,Bike,0
Car_241.jpeg,Car,1
Car_316.jpeg,Car,1
Bike_1229.jpeg,Bike,0
Bike_1500.jpeg,Bike,0
Bike_1316.jpeg,Bike,0
Bike_1550.jpeg,Bike,0
Car_498.jpeg,Car,1
Car_1164.jpeg,Car,1
Bike_933.jpeg,Bike,0
Car_1706.jpeg,Car,1
Car_1576.jpeg,Car,1
Bike_208.jpeg,Bike,0
Bike_1224.jpeg,Bike,0
Car_74.jpeg,Car,1
Car_1118.jpeg,Car,1
Car_1712.jpeg,Car,1
Car_1936.jpeg,Car,1
Car_1549.jpeg,Car,1
Bike_808.jpeg,Bike,0
Car_340.jpeg,Car,1
Bike_459.jpeg,Bike,0
Car_965.jpeg,Car,1
Car_129.jpeg,Car,1
Car_97.jpeg,Car,1
Car_1976.jpeg,Car,1
Car_349.jpeg,Car,1
Car_323.jpeg,Car,1
Bike_1384.jpeg,Bike,0
Car_526.jpeg,Car,1
Bike_1547.jpeg,Bike,0
Bike_375.jpeg,Bike,0
Car_1353.jpeg,Car,1
Car_397.jpeg,Car,1
Car_1847.jpeg,Car,1
Car_1330.jpeg,Car,1
Car_1324.jpeg,Car,1
Car_1638.jpeg,Car,1
Bike_1628.jpeg,Bike,0
Bike_675.jpeg,Bike,0
Car_140.jpeg,Car,1
Bike_1137.jpeg,Bike,0
Car_471.jpeg,Car,1
Bike_1529.jpeg,Bike,0
Bike_122.jpeg,Bike,0
Bike_1677.jpeg,Bike,0
Bike_621.jpeg,Bike,0
Car_726.jpeg,Car,1
Car_1177.jpeg,Car,1
Bike_617.jpeg,Bike,0
Car_937.jpeg,Car,1
Car_105.jpeg,Car,1
Bike_550.jpeg,Bike,0
Bike_1292.jpeg,Bike,0
Bike_1632.jpeg,Bike,0
Bike_833.jpeg,Bike,0
Car_704.jpeg,Car,1
Bike_376.jpeg,Bike,0
Bike_1493.jpeg,Bike,0
Bike_504.jpeg,Bike,0
Car_175.jpeg,Car,1
Car_774.jpeg,Car,1
Car_476.jpeg,Car,1
Car_789.jpeg,Car,1
Car_1961.jpeg,Car,1
Car_98.jpeg,Car,1
Car_852.jpeg,Car,1
Bike_790.jpeg,Bike,0
Car_197.jpeg,Car,1
Bike_1879.jpeg,Bike,0
Bike_1441.jpeg,Bike,0
Bike_265.jpeg,Bike,0
Bike_1589.jpeg,Bike,0
Bike_1120.jpeg,Bike,0
Bike_1767.jpeg,Bike,0
Bike_432.jpeg,Bike,0
Car_805.jpeg,Car,1
Car_1676.jpeg,Car,1
Car_887.jpeg,Car,1
Car_1767.jpeg,Car,1
Bike_443.jpeg,Bike,0
Car_138.jpeg,Car,1
Bike_1797.jpeg,Bike,0
Car_168.jpeg,Car,1
Car_1534.jpeg,Car,1
Car_1597.jpeg,Car,1
Car_904.jpeg,Car,1
Bike_1021.jpeg,Bike,0
Car_1528.jpeg,Car,1
Bike_20.jpeg,Bike,0
Bike_585.jpeg,Bike,0
Bike_1783.jpeg,Bike,0
Car_1705.jpeg,Car,1
Bike_364.jpeg,Bike,0
Car_1197.jpeg,Car,1
Bike_953.jpeg,Bike,0
Bike_629.jpeg,Bike,0
Car_13.jpeg,Car,1
Bike_1875.jpeg,Bike,0
Car_1815.jpeg,Car,1
Bike_39.jpeg,Bike,0
Bike_172.jpeg,Bike,0
Bike_302.jpeg,Bike,0
Car_1807.jpeg,Car,1
Car_1957.jpeg,Car,1
Car_881.jpeg,Car,1
Bike_1034.jpeg,Bike,0
Car_22.jpeg,Car,1
Bike_366.jpeg,Bike,0
Car_367.jpeg,Car,1
Car_185.jpeg,Car,1
Bike_123.jpeg,Bike,0
Car_347.jpeg,Car,1
Bike_586.jpeg,Bike,0
Car_713.jpeg,Car,1
Car_747.jpeg,Car,1
Bike_1347.jpeg,Bike,0
Bike_872.jpeg,Bike,0
Car_282.jpeg,Car,1
Bike_1619.jpeg,Bike,0
Car_1020.jpeg,Car,1
Bike_1583.jpeg,Bike,0
Car_1417.jpeg,Car,1
Car_721.jpeg,Car,1
Car_1128.jpeg,Car,1
Car_1947.jpeg,Car,1
Car_652.jpeg,Car,1
Bike_473.jpeg,Bike,0
Bike_1354.jpeg,Bike,0
Car_1878.jpeg,Car,1
Car_536.jpeg,Car,1
Car_700.jpeg,Car,1
Car_1449.jpeg,Car,1
Car_248.jpeg,Car,1
Bike_1953.jpeg,Bike,0
Car_892.jpeg,Car,1
Car_530.jpeg,Car,1
Car_1768.jpeg,Car,1
Bike_1940.jpeg,Bike,0
Bike_749.jpeg,Bike,0
Bike_331.jpeg,Bike,0
Bike_495.jpeg,Bike,0
Bike_1570.jpeg,Bike,0
Car_1532.jpeg,Car,1
Car_1329.jpeg,Car,1
Car_1826.jpeg,Car,1
Bike_622.jpeg,Bike,0
Car_1989.jpeg,Car,1
Bike_1130.jpeg,Bike,0
Car_1098.jpeg,Car,1
Car_693.jpeg,Car,1
Car_210.jpeg,Car,1
Bike_1142.jpeg,Bike,0
Car_1090.jpeg,Car,1
Bike_328.jpeg,Bike,0
Car_330.jpeg,Car,1
Bike_1134.jpeg,Bike,0
Bike_1976.jpeg,Bike,0
Bike_461.jpeg,Bike,0
Car_439.jpeg,Car,1
Bike_1294.jpeg,Bike,0
Car_387.jpeg,Car,1
Car_1821.jpeg,Car,1
Bike_1093.jpeg,Bike,0
Bike_40.jpeg,Bike,0
Car_1914.jpeg,Car,1
Bike_841.jpeg,Bike,0
Car_343.jpeg,Car,1
Car_970.jpeg,Car,1
Bike_1138.jpeg,Bike,0
Bike_290.jpeg,Bike,0
Bike_1755.jpeg,Bike,0
Car_128.jpeg,Car,1
Car_1240.jpeg,Car,1
Car_1746.jpeg,Car,1
Car_1604.jpeg,Car,1
Car_420.jpeg,Car,1
Bike_119.jpeg,Bike,0
Car_1248.jpeg,Car,1
Car_1204.jpeg,Car,1
Bike_237.jpeg,Bike,0
Car_353.jpeg,Car,1
Bike_475.jpeg,Bike,0
Car_577.jpeg,Car,1
Bike_1344.jpeg,Bike,0
Car_1511.jpeg,Car,1
Car_93.jpeg,Car,1
Car_1548.jpeg,Car,1
Bike_819.jpeg,Bike,0
Car_846.jpeg,Car,1
Bike_781.jpeg,Bike,0
Car_557.jpeg,Car,1
Bike_1065.jpeg,Bike,0
Bike_337.jpeg,Bike,0
Car_539.jpeg,Car,1
Car_1800.jpeg,Car,1
Bike_1757.jpeg,Bike,0
Bike_211.jpeg,Bike,0
Car_113.jpeg,Car,1
Bike_1775.jpeg,Bike,0
Bike_1257.jpeg,Bike,0
Car_453.jpeg,Car,1
Car_1379.jpeg,Car,1
Bike_1759.jpeg,Bike,0
Bike_1686.jpeg,Bike,0
Bike_1398.jpeg,Bike,0
Bike_1298.jpeg,Bike,0
Bike_249.jpeg,Bike,0
Car_234.jpeg,Car,1
Bike_1376.jpeg,Bike,0
Car_551.jpeg,Car,1
Bike_1988.jpeg,Bike,0
Bike_1491.jpeg,Bike,0
Bike_16.jpeg,Bike,0
Bike_1436.jpeg,Bike,0
Bike_1306.jpeg,Bike,0
Bike_856.jpeg,Bike,0
Bike_958.jpeg,Bike,0
Car_761.jpeg,Car,1
Car_790.jpeg,Car,1
Bike_962.jpeg,Bike,0
Bike_1203.jpeg,Bike,0
Car_618.jpeg,Car,1
Bike_1601.jpeg,Bike,0
Car_1299.jpeg,Car,1
Car_861.jpeg,Car,1
Bike_1973.jpeg,Bike,0
Car_1937.jpeg,Car,1
Car_1463.jpeg,Car,1
Bike_1337.jpeg,Bike,0
Car_985.jpeg,Car,1
Car_154.jpeg,Car,1
Bike_1994.jpeg,Bike,0
Car_1493.jpeg,Car,1
Car_1892.jpeg,Car,1
Bike_1899.jpeg,Bike,0
Car_675.jpeg,Car,1
Bike_860.jpeg,Bike,0
Bike_904.jpeg,Bike,0
Car_1644.jpeg,Car,1
Bike_1379.jpeg,Bike,0
Car_1891.jpeg,Car,1
Bike_1918.jpeg,Bike,0
Car_1060.jpeg,Car,1
Car_1775.jpeg,Car,1
Car_152.jpeg,Car,1
Car_200.jpeg,Car,1
Bike_1932.jpeg,Bike,0
Bike_1965.jpeg,Bike,0
Car_1182.jpeg,Car,1
Car_142.jpeg,Car,1
Bike_721.jpeg,Bike,0
Bike_70.jpeg,Bike,0
Car_1755.jpeg,Car,1
Car_813.jpeg,Car,1
Bike_858.jpeg,Bike,0
Bike_1816.jpeg,Bike,0
Bike_1259.jpeg,Bike,0
Car_1122.jpeg,Car,1
Bike_1961.jpeg,Bike,0
Bike_928.jpeg,Bike,0
Bike_1734.jpeg,Bike,0
Bike_37.jpeg,Bike,0
Car_1946.jpeg,Car,1
Bike_789.jpeg,Bike,0
Bike_891.jpeg,Bike,0
Bike_1210.jpeg,Bike,0
Car_638.jpeg,Car,1
Bike_180.jpeg,Bike,0
Bike_1359.jpeg,Bike,0
Bike_1866.jpeg,Bike,0
Bike_1943.jpeg,Bike,0
Car_1431.jpeg,Car,1
Car_1590.jpeg,Car,1
Bike_594.jpeg,Bike,0
Car_270.jpeg,Car,1
Bike_1748.jpeg,Bike,0
Car_383.jpeg,Car,1
Car_1804.jpeg,Car,1
Bike_682.jpeg,Bike,0
Car_1082.jpeg,Car,1
Bike_1768.jpeg,Bike,0
Bike_914.jpeg,Bike,0
Bike_1003.jpeg,Bike,0
Bike_1204.jpeg,Bike,0
Car_1505.jpeg,Car,1
Car_1693.jpeg,Car,1
Bike_1185.jpeg,Bike,0
Car_1861.jpeg,Car,1
Car_1550.jpeg,Car,1
Bike_359.jpeg,Bike,0
Car_1247.jpeg,Car,1
Car_1031.jpeg,Car,1
Car_593.jpeg,Car,1
Car_812.jpeg,Car,1
Bike_244.jpeg,Bike,0
Bike_141.jpeg,Bike,0
Car_1480.jpeg,Car,1
Bike_4.jpeg,Bike,0
Car_265.jpeg,Car,1
Bike_1699.jpeg,Bike,0
Car_886.jpeg,Car,1
Bike_1072.jpeg,Bike,0
Car_535.jpeg,Car,1
Car_1691.jpeg,Car,1
Bike_32.jpeg,Bike,0
Bike_912.jpeg,Bike,0
Car_1375.jpeg,Car,1
Car_862.jpeg,Car,1
Bike_1173.jpeg,Bike,0
Car_429.jpeg,Car,1
Car_901.jpeg,Car,1
Bike_81.jpeg,Bike,0
Bike_923.jpeg,Bike,0
Bike_451.jpeg,Bike,0
Car_1787.jpeg,Car,1
Car_1677.jpeg,Car,1
Car_584.jpeg,Car,1
Bike_683.jpeg,Bike,0
Bike_1531.jpeg,Bike,0
Bike_932.jpeg,Bike,0
Car_1979.jpeg,Car,1
Bike_1445.jpeg,Bike,0
Car_329.jpeg,Car,1
Bike_1766.jpeg,Bike,0
Bike_1693.jpeg,Bike,0
Bike_1453.jpeg,Bike,0
Car_1919.jpeg,Car,1
Bike_980.jpeg,Bike,0
Car_477.jpeg,Car,1
Car_794.jpeg,Car,1
Bike_1040.jpeg,Bike,0
Bike_666.jpeg,Bike,0
Bike_612.jpeg,Bike,0
Bike_1428.jpeg,Bike,0
Car_1688.jpeg,Car,1
Bike_1609.jpeg,Bike,0
Car_1058.jpeg,Car,1
Car_746.jpeg,Car,1
Car_591.jpeg,Car,1
Car_409.jpeg,Car,1
Bike_1037.jpeg,Bike,0
Bike_853.jpeg,Bike,0
Bike_1863.jpeg,Bike,0
Car_1283.jpeg,Car,1
Bike_1479.jpeg,Bike,0
Bike_367.jpeg,Bike,0
Car_711.jpeg,Car,1
Car_315.jpeg,Car,1
Car_444.jpeg,Car,1
Bike_977.jpeg,Bike,0
Car_687.jpeg,Car,1
Bike_839.jpeg,Bike,0
Bike_520.jpeg,Bike,0
Bike_680.jpeg,Bike,0
Bike_1312.jpeg,Bike,0
Car_717.jpeg,Car,1
Car_1850.jpeg,Car,1
Bike_1509.jpeg,Bike,0
Bike_234.jpeg,Bike,0
Bike_1592.jpeg,Bike,0
Car_318.jpeg,Car,1
Bike_1152.jpeg,Bike,0
Car_274.jpeg,Car,1
Bike_1691.jpeg,Bike,0
Bike_708.jpeg,Bike,0
Car_804.jpeg,Car,1
Bike_916.jpeg,Bike,0
Car_1386.jpeg,Car,1
Bike_899.jpeg,Bike,0
Car_996.jpeg,Car,1
Bike_886.jpeg,Bike,0
Bike_896.jpeg,Bike,0
Bike_918.jpeg,Bike,0
Bike_1719.jpeg,Bike,0
Bike_132.jpeg,Bike,0
Bike_1563.jpeg,Bike,0
Car_1557.jpeg,Car,1
Car_681.jpeg,Car,1
Bike_1790.jpeg,Bike,0
Car_659.jpeg,Car,1
Car_1725.jpeg,Car,1
Car_912.jpeg,Car,1
Bike_477.jpeg,Bike,0
Bike_207.jpeg,Bike,0
Bike_370.jpeg,Bike,0
Bike_1991.jpeg,Bike,0
Bike_1975.jpeg,Bike,0
Bike_744.jpeg,Bike,0
Car_159.jpeg,Car,1
Bike_558.jpeg,Bike,0
Car_1929.jpeg,Car,1
Bike_560.jpeg,Bike,0
Bike_1997.jpeg,Bike,0
Car_454.jpeg,Car,1
Car_688.jpeg,Car,1
Car_752.jpeg,Car,1
Bike_1144.jpeg,Bike,0
Bike_1612.jpeg,Bike,0
Bike_1532.jpeg,Bike,0
Bike_1862.jpeg,Bike,0
Car_1117.jpeg,Car,1
Car_784.jpeg,Car,1
Car_1656.jpeg,Car,1
Bike_1937.jpeg,Bike,0
Bike_541.jpeg,Bike,0
Bike_965.jpeg,Bike,0
Bike_458.jpeg,Bike,0
Bike_1838.jpeg,Bike,0
Car_1803.jpeg,Car,1
Bike_1526.jpeg,Bike,0
Bike_1839.jpeg,Bike,0
Car_630.jpeg,Car,1
Car_171.jpeg,Car,1
Car_660.jpeg,Car,1
Bike_1157.jpeg,Bike,0
Bike_501.jpeg,Bike,0
Bike_420.jpeg,Bike,0
Car_680.jpeg,Car,1
Bike_804.jpeg,Bike,0
Car_1205.jpeg,Car,1
Car_1429.jpeg,Car,1
Bike_287.jpeg,Bike,0
Bike_439.jpeg,Bike,0
Bike_1180.jpeg,Bike,0
Car_1322.jpeg,Car,1
Car_859.jpeg,Car,1
Car_1115.jpeg,Car,1
Bike_88.jpeg,Bike,0
Bike_1484.jpeg,Bike,0
Bike_1533.jpeg,Bike,0
Bike_1905.jpeg,Bike,0
Bike_711.jpeg,Bike,0
Bike_462.jpeg,Bike,0
Bike_22.jpeg,Bike,0
Car_376.jpeg,Car,1
Bike_565.jpeg,Bike,0
Car_1535.jpeg,Car,1
Bike_1738.jpeg,Bike,0
Bike_155.jpeg,Bike,0
Car_1210.jpeg,Car,1
Car_1939.jpeg,Car,1
Car_1232.jpeg,Car,1
Car_1099.jpeg,Car,1
Bike_1272.jpeg,Bike,0
Car_706.jpeg,Car,1
Bike_1675.jpeg,Bike,0
Bike_727.jpeg,Bike,0
Bike_688.jpeg,Bike,0
Bike_768.jpeg,Bike,0
Car_1262.jpeg,Car,1
Bike_1795.jpeg,Bike,0
Car_1212.jpeg,Car,1
Car_581.jpeg,Car,1
Car_1642.jpeg,Car,1
Car_1482.jpeg,Car,1
Car_643.jpeg,Car,1
Car_1392.jpeg,Car,1
Bike_356.jpeg,Bike,0
Bike_581.jpeg,Bike,0
Bike_1024.jpeg,Bike,0
Bike_722.jpeg,Bike,0
Bike_183.jpeg,Bike,0
Car_1040.jpeg,Car,1
Bike_49.jpeg,Bike,0
Car_768.jpeg,Car,1
Car_1364.jpeg,Car,1
Car_1321.jpeg,Car,1
Car_1194.jpeg,Car,1
Car_1081.jpeg,Car,1
Bike_21.jpeg,Bike,0
Car_1136.jpeg,Car,1
Bike_124.jpeg,Bike,0
Car_843.jpeg,Car,1
Bike_242.jpeg,Bike,0
Car_741.jpeg,Car,1
Car_1522.jpeg,Car,1
Bike_1033.jpeg,Bike,0
Car_108.jpeg,Car,1
Car_1010.jpeg,Car,1
Bike_1227.jpeg,Bike,0
Car_782.jpeg,Car,1
Car_1840.jpeg,Car,1
Car_1146.jpeg,Car,1
Bike_51.jpeg,Bike,0
Car_1120.jpeg,Car,1
Car_1520.jpeg,Car,1
Car_1127.jpeg,Car,1
Car_1754.jpeg,Car,1
Bike_579.jpeg,Bike,0
Bike_660.jpeg,Bike,0
Car_1651.jpeg,Car,1
Bike_1209.jpeg,Bike,0
Bike_1778.jpeg,Bike,0
Bike_1662.jpeg,Bike,0
Car_1667.jpeg,Car,1
Car_1023.jpeg,Car,1
Bike_1429.jpeg,Bike,0
Bike_1483.jpeg,Bike,0
Car_823.jpeg,Car,1
Bike_679.jpeg,Bike,0
Bike_897.jpeg,Bike,0
Car_79.jpeg,Car,1
Car_284.jpeg,Car,1
Bike_1097.jpeg,Bike,0
Car_724.jpeg,Car,1
Bike_1489.jpeg,Bike,0
Bike_1525.jpeg,Bike,0
Bike_135.jpeg,Bike,0
Bike_619.jpeg,Bike,0
Bike_1803.jpeg,Bike,0
Car_946.jpeg,Car,1
Bike_1739.jpeg,Bike,0
Bike_336.jpeg,Bike,0
Car_337.jpeg,Car,1
Bike_1556.jpeg,Bike,0
Car_1004.jpeg,Car,1
Car_327.jpeg,Car,1
Bike_1914.jpeg,Bike,0
Bike_1801.jpeg,Bike,0
Car_1769.jpeg,Car,1
Bike_1968.jpeg,Bike,0
Bike_663.jpeg,Bike,0
Car_619.jpeg,Car,1
Car_332.jpeg,Car,1
Car_739.jpeg,Car,1
Car_401.jpeg,Car,1
Car_1002.jpeg,Car,1
Bike_1558.jpeg,Bike,0
Bike_1029.jpeg,Bike,0
Car_1598.jpeg,Car,1
Bike_1672.jpeg,Bike,0
Car_1527.jpeg,Car,1
Car_1689.jpeg,Car,1
Car_822.jpeg,Car,1
Car_1500.jpeg,Car,1
Bike_930.jpeg,Bike,0
Car_569.jpeg,Car,1
Car_690.jpeg,Car,1
Car_64.jpeg,Car,1
Car_1125.jpeg,Car,1
Car_1883.jpeg,Car,1
Car_989.jpeg,Car,1
Bike_907.jpeg,Bike,0
Car_840.jpeg,Car,1
Car_237.jpeg,Car,1
Bike_942.jpeg,Bike,0
Bike_72.jpeg,Bike,0
Car_1264.jpeg,Car,1
Bike_1317.jpeg,Bike,0
Car_1859.jpeg,Car,1
Car_1154.jpeg,Car,1
Car_1223.jpeg,Car,1
Bike_726.jpeg,Bike,0
Car_733.jpeg,Car,1
Bike_465.jpeg,Bike,0
Bike_1091.jpeg,Bike,0
Car_132.jpeg,Car,1
Car_1254.jpeg,Car,1
Bike_1017.jpeg,Bike,0
Bike_267.jpeg,Bike,0
Bike_1673.jpeg,Bike,0
Car_827.jpeg,Car,1
Car_1827.jpeg,Car,1
Bike_1901.jpeg,Bike,0
Bike_430.jpeg,Bike,0
Bike_129.jpeg,Bike,0
Car_1540.jpeg,Car,1
Car_23.jpeg,Car,1
Car_1145.jpeg,Car,1
Car_522.jpeg,Car,1
Car_1542.jpeg,Car,1
Bike_1580.jpeg,Bike,0
Bike_607.jpeg,Bike,0
Bike_1096.jpeg,Bike,0
Bike_320.jpeg,Bike,0
Bike_830.jpeg,Bike,0
Bike_1627.jpeg,Bike,0
Car_489.jpeg,Car,1
Car_1753.jpeg,Car,1
Car_287.jpeg,Car,1
Bike_1293.jpeg,Bike,0
Bike_1473.jpeg,Bike,0
Car_935.jpeg,Car,1
Bike_455.jpeg,Bike,0
Car_1904.jpeg,Car,1
Car_1670.jpeg,Car,1
